Gene Name,ZT1,ZT4,ZT7,ZT10,ZT13,ZT16,ZT19,ZT22
Gm4952,23.327,16.005,6.308,9.402,11.382,12.141,14.68,16.706
Kcnk6,5.940663176,5.144851658,3.36707388,2.942408377,3.613728912,4.310645724,4.408376963,5.798720186
Smagp,13.465,7.944,3.853,4.04,5.853,9.329,11.669,13.198
Slc22a15,11.113,9.235,7.645,4.112,4.847,5.703,9.009,10.821
Leo1,7.809,6.144,2.475,3.444,4.632,6.544,7.604,7.574
Magi1,17.62,13.383,11.219,9.605,7.792,12.01,11.493,12.362
Magi1,17.871,13.344,11.278,9.533,7.882,12.194,11.343,12.345
Tfe3,17.02,16.553,16.349,15.651,16.302,11.064,14.931,16.362
Shank2,13.065,7.357,3.773,3.168,2.37,8.804,11.192,9.148
Sema4c,7.11369509,5.914728682,5.493540052,5.237726098,3.850129199,5.059431525,6.257105943,6.418604651
Rbms1,19.272,16.827,19.104,11.32,11.077,8.83,12.447,14.214
Kifc3,17.07,9.313,7.186,10.347,11.885,13.691,16.863,14.296
Htatip2,31.336,22.971,16.109,14.154,18.492,23.047,30.791,29.494
Pigp,5.289974172,4.778116929,4.545667997,3.92345621,3.244893167,2.714252172,4.005635126,3.810753698
Pigp,5.265118317,4.715162138,4.285714286,3.948290973,3.264680105,2.648992112,3.959246275,3.770815074
Pigp,5.25006099,4.869480361,4.28641132,3.827762869,3.198341059,2.756769944,4.161990729,3.720419615
Rit1,10.963,9.979,7.945,7.716,6.409,8.593,9.335,9.148
Irf2bp2,296.9022604,191.8592805,225.8643744,74.34574976,126.8895256,161.8083413,202.7698185,268.9143585
Ccdc152,13.215,12.483,8.823,10.114,8.115,2.365,4.542,7.525
Gm4952,23.277,16.201,6.308,9.605,11.49,12.22,15.132,17.083
Kdm4c,5.456,5.126,4.352,4.04,3.501,4.967,4.567,5.246
Dhrs3,84.097,55.528,47.629,37.594,58.725,64.463,78.571,72.711
Thpo,34.41737033,28.79372738,19.40892642,23.80458384,17.97587455,27.83353438,25.60916767,29.5464415
Nfkb2,8.040717221,5.554725439,5.10833022,4.940231603,3.453492716,2.846469929,3.890549122,4.256630557
Nfkb2,7.700072098,5.45541937,5.037250661,4.575823119,3.321316991,3.030521509,3.919730834,4.097572699
Smlr1,64.84518167,62.87045814,54.93522907,58.19589258,48.38546603,41.05845182,54.70774092,58.97472354
Map4k4,6.407,5.126,4.272,3.749,4.237,3.206,5.42,6.164
E030030I06Rik,5.406,4.657,4.631,3.386,4.381,4.205,4.366,5.066
Rhod,16.419,11.27,10.22,8.065,10.754,9.014,10.841,12.116
Asgr2,16.819,16.318,9.781,9.387,6.858,10.853,14.53,11.034
Cd9,5.306,2.387,1.357,1.453,2.226,3.495,2.484,4.23
Enc1,7.456723027,5.04126409,3.89794686,4.4897343,3.39673913,2.406400966,5.051328502,6.006441224
Nab1,13.365,12.014,12.995,9.954,9.3,8.278,9.912,9.509
Naga,10.84167238,10.51405072,8.045236463,7.788896504,5.783413297,7.601096642,7.258396162,7.618917066
Thpo,33.97989576,27.05013651,18.33209233,24.39935468,15.9977662,25.89476297,23.54306279,28.3618764
Ugdh,47.354,38.897,29.384,29.34,23.824,38.63,39.95,40.561
Anxa5,10.662,7.67,7.605,5.522,6.284,4.467,7.252,7.345
Col4a1,9.711,6.809,3.034,1.816,3.357,3.81,4.944,6.869
Ctgf,22.58662369,13.87590653,10.1369863,8.896051571,10.12892828,8.04995971,10.51571313,15.455278
Foxs1,9.160945843,2.98245614,1.372997712,1.548436308,1.235697941,4.607170099,5.553012967,7.124332571
Ihh,9.817720351,6.229810798,7.692662667,5.902168897,4.10013844,2.789570835,5.500692201,7.035071527
Lbx2,8.534896111,8.129994672,6.382525306,3.558870538,5.450186468,4.342035162,7.485348961,6.638252531
Oit3,10.662,9.861,9.083,8.152,8.241,7.069,8.407,8.919
Pea15a,11.74841674,6.560288091,5.453868124,4.962125916,4.748540916,5.841301378,6.513100708,6.637278033
Dhrs3,81.894,55.02,47.07,37.07,57.882,63.78,77.19,71.088
Sox17,9.477911647,5.051635112,4.122203098,4.127940333,5.458978772,5.65404475,6.047045324,5.502008032
Sox9,23.27790304,10.58906426,7.370349493,4.670236753,11.58680947,11.77564825,14.92390079,14.1854566
Ucp2,31.81285693,29.45379997,24.02840826,24.66246888,22.2419095,19.70273832,23.99619271,23.83950798
Klf6,16.81824765,12.46777697,11.67994207,8.986241854,10.06227371,9.704561912,10.97610427,11.4916727
Abca8b,43.95,21.405,13.554,12.439,7.774,21.102,20.703,22.461
Irf6,33.639,25.553,30.761,20.838,17.953,22.679,23.815,29.888
Oat,156.229,139.467,122.566,110.397,26.768,63.438,76.488,110.697
Ccni,19.773,11.818,8.763,8.327,10.898,13.928,11.87,17.985
Rpl41,290.2266289,276.7705382,235.8073654,210.9065156,159.6978281,182.6345609,185.5429651,200.1699717
Nfkb2,7.970882621,5.34121929,4.995450409,4.727024568,3.143767061,2.929936306,4.053685168,4.140127389
Fxyd7,10.74783862,10.43083573,4.227665706,8.040345821,5.587896254,8.936599424,9.25648415,9.779538905
Arpc1b,8.31,7.709,7.605,7.324,5.853,4.888,6.499,8.181
Cmtm3,8.771411695,7.241582989,6.759204568,6.552470959,4.878913172,4.449694822,5.829887773,6.552470959
Rtn4,5.206,5.009,4.112,3.357,4.04,3.101,4.065,4.082
Fabp4,5.599820949,5.429722471,3.4870188,2.278424351,4.100268577,4.118173679,5.053715309,5.138764548
Uqcrq,145.5997877,122.3407643,117.8237792,100.1167728,94.0552017,109.3577495,141.8577495,138.5350318
Clec14a,17.34935014,12.48523041,13.05238283,11.16187475,10.3229618,11.59117763,14.33241434,13.04450571
Bag4,15.568,13.931,14.632,12.977,11.203,8.357,12.045,14.722
3010026O09Rik,7.709,6.966,3.653,2.18,2.585,2.812,4.241,4
Gstm7,10.56271981,4.12954279,1.052168816,0.682883939,2.051582649,4.929660023,8.458382181,8.215123095
Khnyn,38.61510242,33.69713645,27.25873841,23.01233058,26.80322022,27.18129013,34.5225721,28.48568226
Pir,6.908,5.439,4.471,4.825,2.998,3.075,6.098,6.033
Nkiras2,24.76586103,19.80362538,15.98187311,17.61706949,15.66087613,19.45241692,22.26963746,20.06042296
Tmub2,20.31655844,19.69155844,16.44480519,17.10227273,12.67857143,12.26461039,15.58035714,17.56493506
Ccdc12,9.311,7.279,4.931,5.885,6.158,7.332,8.783,7.591
Arsg,9.911,8.257,6.088,2.717,3.357,5.256,5.621,8.984
Arhgap24,12.414,5.009,1.896,2.005,2.693,6.701,9.034,8.345
Spata25,13.46053773,6.452732003,2.593235039,2.272333044,2.020815265,2.281006071,6.313963573,7.536860364
Styxl1,6.708,6.496,5.13,4.2,3.591,3.574,4.919,5.115
Adamtsl2,5.056,1.957,1.477,3.357,3.393,3.495,4.341,3.935
Atf5,168.7598004,129.1375624,70.28510335,29.82893799,54.64005702,57.31290093,97.66215253,108.4390592
Smarcd1,9.641569678,8.342774745,4.173447317,4.459779586,4.363992172,6.008857761,8.529199712,9.59110104
Tas1r3,10.8109405,6.007677543,6.22840691,4.251439539,3.704414587,2.898272553,4.697696737,4.798464491
Sucnr1,21.79286101,13.65062196,13.22606814,11.31692807,8.788534343,11.79556517,19.27257977,17.68793943
Hes7,5.588599752,3.878562577,1.982651797,3.060718711,2.664188352,2.936802974,3.729863693,5.278810409
Cela1,6.207,3.522,1.557,1.526,1.454,3.18,4.09,5.607
Tshz2,12.514,11.114,9.582,8.414,7.54,8.357,7.729,8.591
Rhou,40.03646881,34.44668008,38.4582495,24.67052314,21.71906439,30.63506036,37.33274648,39.13103622
Fbxo4,8.81,7.944,7.785,6.263,6.607,5.65,7.001,7.05
Spg21,5.807,4.97,4.471,3.11,2.855,3.364,5.295,4.574
Apoa1bp,31.45970603,25.38773441,22.05778003,24.60212874,20.65382666,26.37100862,28.23618855,29.41713127
Fam13b,18.071,14.635,14.313,11.553,13.303,12.377,14.756,16.296
Ubxn1,37.22116301,34.69494757,24.35653003,23.06482364,24.81410867,21.16777884,27.392755,35.86749285
Phospho1,17.65821663,5.202978195,3.043786563,2.370147137,1.240914731,4.79879454,11.21077823,9.097677717
Zswim4,8.259,7.083,5.969,5.449,5.045,4.809,4.919,5.82
Cnksr3,14.316,11.074,10.859,8.428,10.79,9.907,13.626,11.427
Rnd1,18.40019179,17.38692664,10.14543711,6.062010548,9.611634969,11.17148793,12.83362634,14.54211283
C2cd2,30.335,23.01,22.297,21.667,19.91,17.476,28.507,29.199
Smagp,13.465,7.944,3.833,4.04,5.853,9.329,11.669,13.198
Lyrm2,37.87074148,30.97695391,25.80160321,32.54509018,21.76853707,25.01503006,34.07314629,34.41382766
Zmat1,13.215,12.835,11.099,11.48,8.402,8.094,10.565,11.755
Hist1h3c,25.02083333,18.75,18.70833333,7.5625,14.58333333,7.125,12.02083333,16.39583333
Arhgap18,5.406,3.991,3.234,1.991,2.855,2.68,3.639,3.705
6430573F11Rik,9.06,6.652,2.775,2.979,2.226,3.994,4.592,6.066
Hist1h4c,1363.75,1354.583333,1061.442308,886.7948718,802.724359,1003.173077,1233.814103,1200.705128
Rraga,94.77343265,85.50589696,73.60024829,84.15890751,60.51520795,58.55990068,71.96772191,92.30291744
Vtcn1,7.308,7.161,4.531,2.267,0.772,3.469,5.345,4.148
1700096K18Rik,60.8005521,47.52933057,41.60110421,30.08971705,30.72463768,38.08833678,47.10835059,40.05521049
Atad3aos,33.71375117,25.98690365,22.59120674,19.85032741,22.67539757,23.10570627,24.88306829,24.99532273
0610039K10Rik,84.21661409,63.36487907,62.13459516,39.72660358,55.31019979,52.22923239,83.38590957,66.5404837
2310001K24Rik,28.34422658,17.90849673,11.30718954,14.88017429,8.997821351,13.15904139,20.21786492,26.42701525
Atf5,118.3229297,91.68123179,46.68747399,26.60840616,41.16521015,41.22763213,71.84769039,97.63212651
2310015A10Rik,24.328,15.77,4.771,4.548,4.488,8.882,11.794,15.378
Gm15348,6.107,1.252,0.04,0.291,0.628,3.521,5.696,4.64
1810044D09Rik,57.28218466,46.81404421,37.89336801,41.95058518,34.55136541,33.14694408,33.61508453,39.01170351
Mir5131,710.5376344,706.8817204,489.3548387,426.5591398,413.1182796,517.0967742,669.1397849,546.4516129
Mir5133,1072.597403,818.1818182,663.6363636,575.5844156,445.3246753,658.7012987,736.4935065,958.1818182
Gm15417,122.4959317,100.2176566,78.04515867,75.61432059,64.45890968,75.90724166,88.25874695,97.71562246
1700020M21Rik,5.084631009,2.911306703,2.430602573,1.970209885,2.674339878,2.132701422,3.229519296,3.994583615
BC037704,49.47817361,36.9141997,33.95383843,34.85198194,28.28399398,39.68891119,42.80983442,44.42047165
F420014N23Rik,5.010194625,4.352177943,3.588507878,2.800741427,2.430027804,2.337349398,3.16218721,2.765523633
A930001C03Rik,13.61164475,10.8142456,7.227722772,4.810107876,5.333234816,8.115856362,10.42116152,9.861090587
A930001C03Rik,13.93831215,10.84106811,7.239754391,4.79365986,5.434813651,8.14365272,10.39126089,9.950021419
Rcsd1,7.659,6.926,5.689,5.202,5.476,4.152,5.671,6.066
Camk2g,6.558,6.144,4.192,4.04,2.424,3.784,5.32,3.918
Usp6nl,22.226,19.057,9.841,15.098,7.002,14.059,7.829,16.034
Nab2,34.77284733,44.0306392,28.89329107,27.71262546,15.88483888,25.681458,33.20655045,30.65768621
Cd36,5.506,4.852,3.653,3.081,2.675,2.549,4.166,3.754
AI462493,61.47826087,67.20652174,50.55434783,44.38043478,35.52173913,38.84782609,52.09782609,56.48913043
Egfl7,68.91685171,55.32445102,51.8134715,49.83715766,44.82852208,49.73106341,56.09671848,52.54626203
Trmt112,124.2964635,134.8607976,107.3965388,103.5515425,79.69902182,91.55003762,109.5184349,117.8103837
Mta3,5.156,3.991,2.795,2.964,2.513,2.943,3.789,3.836
Mta3,5.156,3.991,2.795,2.964,2.513,2.943,3.789,3.836
E2f1,4.631117604,5.097394692,3.571950329,3.892135379,2.863403944,3.710737765,4.521548576,4.610421232
Flot1,7.40950074,6.31947248,7.280312206,5.984389719,3.502893285,3.78414749,6.145875387,5.051809985
Hlx,13.00388176,12.85458346,8.641385488,12.36787101,7.452971036,7.769483428,8.468199463,9.790982383
Igfbp1,449.6086957,419.8188406,273.5362319,37.85507246,116.8913043,68.74637681,138.0181159,287.2028986
Ndrg1,10.312,3.444,2.336,2.863,1.58,1.787,3.488,2.918
Casp6,6.708,6.418,5.27,3.023,2.101,2.313,3.363,2.885
Cd14,6.618387909,4.43324937,6.536523929,2.380352645,1.920654912,3.14231738,4.269521411,3.822418136
Coro1a,6.380409259,3.938275746,4.954713183,3.65649111,2.710499832,2.733981885,3.787319691,3.518953371
Cldn3,221.1559778,263.0482977,200.253365,202.2723674,151.3855899,173.111639,210.6096595,203.9271576
Figf,11.063,10.135,7.785,8.632,4.327,6.097,9.887,8.902
H2-Eb1,6.990236149,6.086512262,2.764532243,5.592643052,3.60808356,4.028156222,5.669845595,5.73342416
Mea1,33.81411884,31.79786694,22.60538344,25.61198578,17.04926359,19.61909599,24.98222448,27.14575927
Cited4,137.281399,112.2972973,110.127186,76.12082671,69.64228935,80.42130366,86.97138315,77.54372019
Scand1,33.79511059,40.54714785,31.37369034,22.84051222,15.26193248,28.45168801,24.54016298,32.25844005
Nenf,6.229349925,4.407852392,4.176142459,2.649645999,2.542372881,3.298648359,3.984123579,3.376957734
Dtnbp1,10.062,10.996,9.222,8.748,7.127,7.857,9.21,9.886
Syap1,6.307,5.439,5.29,5.028,4.524,3.101,5.119,5.443
Dynlt3,5.965147453,5.537682455,5.142984808,3.766756032,3.742925231,3.6401549,4.635090855,5.543640155
S100a16,15.30844997,14.40124417,10.76205288,9.642301711,9.212026957,9.67340591,10.27475376,11.47226542
9430023L20Rik,33.70306431,32.42770824,30.930082,22.73413897,18.71169616,21.71989642,30.3258524,27.06517048
Gpihbp1,38.60539846,30.93187661,25.9125964,17.08868895,21.11182519,25.84190231,23.0655527,29.92287918
Pold4,44.98271889,41.69930876,32.19470046,24.86175115,28.33525346,29.21658986,28.47926267,34.56221198
1700056E22Rik,13.98138573,8.097207859,7.84901758,7.21820062,5.76008273,5.977249224,7.011375388,8.138572906
Fabp12,9.361,8.413,3.992,3.4,3.519,3.337,4.04,4.049
Fam209,68.14520703,57.26602382,58.42314237,50.52750993,52.24049915,38.45717527,53.94781622,58.76914351
Lhpp,26.43,25.749,16.968,16.886,4.578,7.674,10.364,19.641
Mta3,5.156,3.991,2.795,2.964,2.513,2.943,3.789,3.836
Abhd17c,49.457,42.224,31.121,25.489,30.215,30.458,27.855,39.724
Spon2,6.071297317,3.737596472,1.245865491,0.801176038,0.79015068,0.481440647,3.506063947,2.348401323
Krcc1,33.739,39.719,32.019,28.686,25.314,28.066,30.515,33.773
Soat2,22.876,21.405,20.76,11.044,8.689,11.142,18.269,13.886
Zc3h12d,5.206,4.97,4.891,2.252,1.813,2.181,3.89,3.328
Hist1h4f,129.9679487,193.1410256,94.03846154,88.97435897,50.06410256,80.03205128,98.94230769,107.724359
Egfl7,60.62844084,47.55894879,46.34361691,47.33665732,39.66656279,41.21948686,45.48665212,51.39607354
Lzts3,19.73383553,18.17827997,13.75894539,13.82925298,10.54865035,13.36220967,17.48524796,14.55241682
5430402O13Rik,8.31,9.353,7.126,6.874,4.488,6.281,7.177,7.886
0610040B10Rik,17.91696492,17.92412312,12.29062276,15.91267001,10.66571224,13.72942019,15.98425197,17.13672155
2010320M18Rik,107.5033557,108.7248322,84.40268456,73.73154362,52.29530201,71.24832215,95.32885906,89.34228188
Phtf1os,8.994946659,9.668725435,7.394722066,6.855699045,4.435710275,4.722066255,7.608085345,7.456485121
2700046G09Rik,32.53936008,30.40629761,24.63687151,23.83951244,18.14626714,22.15337735,21.03098019,26.56170645
D130020L05Rik,42.82331919,42.04377932,24.38909984,40.76837168,23.50011168,28.40964932,30.43555953,41.38038865
1700012D01Rik,146.7842684,139.6471949,93.74783112,91.2724118,59.28860613,72.64893002,78.51937536,122.1283979
Gm9054,6.179698217,4.828532236,4.519890261,5.281207133,1.844993141,2.702331962,4.128943759,5.960219479
Lmna,16.619,17.727,11.857,15.404,9.874,11.458,14.756,16.28
Add1,5.356,5.439,4.372,4.287,3.25,4.257,4.141,4.377
Wsb1,77.74056029,87.94153471,51.66869671,53.45310597,22.08891596,34.7320341,22.31425091,66.79658952
Lmna,16.619,17.727,11.857,15.404,9.874,11.458,14.756,16.28
Zak,4.205,5.048,3.713,2.819,2.855,2.68,3.287,4.115
Ppfibp1,8.31,9.627,8.364,5.667,2.388,5.151,5.822,6.378
Prkd2,7.859,8.961,7.047,6.946,5.709,6.149,6.876,8.296
Dhfr,5.606,5.674,5.25,3.386,3.052,3.548,4.517,4.263
Klf9,87.801,102.096,63.119,59.115,34.147,58.603,56.337,71.792
Phyh,159.833,219.688,180.415,144.198,101.598,125.247,154.431,179.948
Wsb1,59.318,72.473,33.416,34.585,16.499,28.145,16.713,53.709
Hs1bp3,6.608,6.926,4.731,4.258,3.68,4.205,4.642,4.443
Zak,4.255,5.087,3.753,2.79,2.855,2.733,3.262,4.066
Nudt16l1,92.27154047,92.77284595,68.69451697,73.9843342,59.43603133,48.44386423,78.49608355,79.4464752
1700037H04Rik,4.655,5.205,3.793,2.311,1.347,2.917,3.563,3.049
Sgms2,28.182,33.458,20.88,14.285,6.535,7.568,14.806,10.05
Zak,4.205,5.048,3.713,2.819,2.855,2.68,3.287,4.115
Prkd2,7.509,8.922,6.947,6.772,5.673,6.149,6.675,8.001
Ccdc41os1,5.606,6.379,4.451,4.854,3.106,3.968,4.241,4.689
St8sia3os,6.057,7.083,5.43,4.171,2.083,3.81,4.743,4.115
Gm10865,3.754,5.165,5.03,1.511,0.934,1.34,2.434,1.623
4930471C04Rik,4.253655219,5.453927236,4.141448487,2.223733424,1.22067324,1.519891193,2.390343421,2.230533832
Trex1,96.70454545,100.5,81.96212121,98.96969697,69.63636364,63.50757576,77.56818182,77.00757576
Slc25a34,18.62458472,22.75083056,11.14285714,17.62126246,9.305647841,9.255813953,10.33887043,11.9269103
4930404N11Rik,30.91819699,43.98998331,30.21702838,32.58764608,21.17974402,19.15971063,24.57985531,30.20033389
Lrig2,8.36,9.822,5.649,5.13,6.786,7.411,8.532,8.673
Tapbp,17.93933188,18.83271471,13.64392679,11.58709843,10.98425701,14.36196083,16.79764495,14.68833995
Sdr39u1,6.339662447,9.493670886,5.685654008,5.675105485,2.078059072,4.430379747,5.55907173,3.628691983
Fetub,33.989,35.102,29.763,29.543,17.684,25.281,19.975,22.018
Eci2,68.979,87.656,63.219,81.378,53.824,34.978,41.406,44.741
Prrc2b,13.766,18.549,17.087,16.276,15.44,16.188,11.569,13.591
Tmem184a,6.007910529,7.04446263,4.301691217,3.468357883,2.154937261,3.978450627,4.517184943,3.979814512
Pgap1,3.554,5.244,4.731,4.069,3.842,3.311,3.338,3.148
Trafd1,21.575,23.088,21.379,18.688,17.289,15.189,21.004,20.182
Dap3,6.507,9.196,8.085,7.513,6.643,6.438,5.998,6.361
Slc25a22,114.5010541,182.737175,163.7069571,110.6465214,99.23049895,68.33099086,129.7926915,142.4595924
Pde4b,39.045,44.885,36.989,26.244,15.745,15.61,27.253,33.74
Pde4b,30.435,32.127,22.577,17.206,10.682,7.49,16.863,21.592
Pde4b,29.934,33.341,23.475,17.642,10.952,7.936,16.587,21.428
Tmsb10,7.496433666,11.16262482,4.272467903,2.696148359,2.689015692,3.937232525,4.472182596,3.972895863
Rhoc,5.551663748,5.595446585,3.613543491,3.689433742,3.091068301,4.448336252,4.541739638,4.544658494
Il10ra,8.46,9.822,9.083,9.765,8.384,5.992,8.206,8.132
Prkch,4.705,7.279,5.27,3.706,3.555,3.311,4.517,4.935
Itga2b,5.156,5.4,4.971,3.197,2.298,2.654,2.836,2.82
Sqstm1,140.4549138,144.3616159,126.2322028,120.237296,103.0153953,93.96457923,113.5478643,111.4365089
Stxbp3a,7.559,8.1,7.785,7.542,6.302,5.124,6.75,7.935
Coro1b,28.79039431,35.73376816,31.8381263,32.2265046,27.35843463,20.25793063,27.30506967,25.90572191
Eci2,68.979,87.539,63.159,81.305,53.878,35.03,41.481,44.708
Spsb2,37.67622461,46.51732378,45.31660693,34.02628435,25.52568698,25.27479092,32.83154122,38.97849462
Mbd1,67.978,132.932,59.606,59.289,54.452,39.235,35.233,106.09
Zfp30,5.296090827,5.554122049,4.223971101,2.999612953,3.520836021,2.746742356,4.662624178,4.103986582
Aass,97.862,125.614,68.349,75.783,63.716,60.863,67.579,117.304
Sssca1,31.46186441,32.88841808,25.37429379,28.32627119,27.76836158,21.52542373,28.1779661,28.71468927
Grpel2,27.482,27.666,21.579,24.37,17.11,15.163,23.237,19.706
Syne1,7.809,9.94,4.491,1.569,2.083,3.732,6.324,6.361
Tsc22d4,7.308,7.826,6.547,5.755,6.05,5.151,6.274,5.82
Tmsb10,9.243623571,13.764292,5.26824978,3.324538259,3.315743184,4.854881266,5.514511873,4.89885664
Grtp1,16.919,21.053,18.385,18.877,14.022,11.221,13.877,12.952
Abcg8,25.579,46.88,46.172,22.786,15.637,6.833,19.549,31.871
Slc25a22,133.3561867,201.1540973,172.8991185,121.9996735,90.14691479,65.76232452,128.2174339,155.9190336
Tmem256,141.8471954,152.5145068,78.38491296,74.06189555,68.76208897,92.51450677,105.3288201,96.24758221
Rnf167,28.23658269,37.71631982,24.70427163,26.90032859,23.00657174,20.29025192,26.24863089,23.88280394
Amdhd1,61.621,61.829,46.052,16.261,29.192,43.676,60.754,53.234
Tsc22d4,7.308,7.826,6.547,5.755,6.05,5.151,6.274,5.82
Klhdc8b,7.859,8.57,7.106,8.414,6.158,5.913,5.471,6
Nr5a2,19.322,20.075,18.085,13.95,15.135,11.773,18.52,16.936
Acaa1a,29.31162525,43.48043416,34.29591545,39.07883462,26.84518709,21.73093402,18.81605256,19.78577549
Eps8l2,30.735,33.614,19.363,10.623,13.232,16.109,29.561,28.035
Mylip,11.814,15.105,14.472,14.285,12.172,9.25,11.142,9.886
Mark4,8.009,8.179,5.829,7.527,5.727,5.44,6.675,7.525
Hps6,10.07183908,11.25,8.606321839,7.931034483,7.227011494,7.16954023,10.81896552,8.002873563
Zc3h6,7.559,7.709,6.907,6.67,4.129,4.126,6.073,6.722
Cep120,5.456,7.083,6.907,5.711,5.368,4.52,5.521,5.869
Nostrin,6.958,8.061,7.466,4.432,5.907,5.361,6.123,6.623
Wdtc1,20.874,21.679,17.347,12.832,14.506,12.824,16.211,16.903
Trim56,28.61054073,31.07118412,20.08555784,19.29500342,17.63518138,20.23613963,23.78850103,22.27583847
Rab10os,9.661,12.053,9.602,9.417,7.971,7.621,9.36,10.509
Srrm4os,10.412,15.809,9.482,7.15,6.912,8.304,9.586,13.87
Gm7854,27.882,30.601,19.563,11.102,13.088,15.505,25.797,23.723
A630066F11Rik,137.0311253,162.0909816,122.1947326,118.8747007,97.28651237,95.63447725,134.5810056,119.7206704
E130307A14Rik,5.056,5.478,5.31,3.996,4.865,3.521,3.438,4.492
Mkln1os,5.406,5.674,5.609,5.362,3.698,3.521,3.513,3.574
Gm11944,6.332407693,7.123315849,6.036202818,5.858274195,4.45027255,4.406047516,4.517124344,4.553121465
Gm10814,14.59895833,16.1015625,7.901041667,5.828125,7.013020833,4.994791667,9.8671875,7.385416667
Shf,6.307,7.748,6.388,6.132,3.716,4.257,6.073,5.23
Gm1123,6.758,7.592,7.506,7.397,5.961,3.994,4.919,6.296
Slc25a18,15.618,16.592,18.545,10.012,7.002,4.573,7.629,7.427
Txk,9.311,9.353,11.678,7.876,5.727,4.757,5.195,7.083
Nsmce2,5.306,5.635,5.39,4.781,3.555,3.863,4.392,4.476
Slc8b1,24.728,39.602,30.103,16.784,19.443,11.169,18.394,16.198
Egr1,48.34285714,29.51428571,67.41142857,12.62285714,6.257142857,3.754285714,4.731428571,9.651428571
Elf1,21.525,25.945,23.435,21.405,15.386,16.924,17.139,19.526
Elk1,5.206,6.731,5.29,4.737,4.847,3.916,4.592,5.558
Ocln,10.212,11.309,10.54,6.757,9.21,6.228,8.658,9.181
Uty,7.358,8.413,9.602,7.062,6.858,5.939,6.449,7.197
Bcl10,7.977485454,6.780925879,8.609916519,7.958512522,6.472299519,5.086010625,6.506450797,6.635466734
Cd83,5.206,3.483,5.509,3.328,1.634,1.918,1.982,2.508
Neu1,17.32509271,18.09147095,17.51792336,14.90976514,9.854140915,13.4487021,13.52533993,13.57725587
Prkcd,4.255,6.105,4.332,4.316,3.052,3.154,3.664,3.574
Sorbs3,23.177,30.601,28.585,19.516,13.178,10.512,17.566,13.936
Tle1,53.261,64.294,58.528,48.42,49.354,45.962,38.972,56.824
Nr2c1,9.811,11.622,10.36,9.751,8.779,6.412,8.934,9.05
Axin2,8.96,11.74,10.64,8.196,6.589,5.177,7.102,7.214
Rbms1,16.419,18.901,29.344,13.238,10.413,7.621,11.569,12.116
Ndfip1,25.029,32.91,26.35,23.062,18.636,21.128,19.95,22.264
Ing2,13.05416249,11.51287195,15.08358409,12.58274824,9.513540622,7.820127048,10.69709127,11.37412237
Pop4,4.369735028,5.754326849,4.983917905,4.13999081,3.38183489,3.501301884,4.035840098,3.816817277
2810474O19Rik,32.888,41.832,37.848,25.024,17.163,18.737,32.096,21.559
Map1lc3b,22.78673835,36.53763441,29.0125448,22.78673835,24.74193548,15.77777778,21.40681004,21.80107527
Mrpl18,22.67811472,27.44976251,26.47424187,23.36134454,20.92436975,12.86445013,21.63682864,21.0851297
Nsmce2,5.306,5.635,5.39,4.781,3.555,3.863,4.392,4.476
Wdr5b,22.99719888,30.91316527,27.51260504,25.15406162,23.03081232,16.78431373,20.2464986,25.07563025
Pvr,10.062,12.366,13.973,9.126,7.792,7.752,8.356,9.083
Ccdc11,10.913,16.592,13.015,7.368,5.601,4.835,4.868,9.82
Pgpep1l,9.361,11.387,11.997,8.225,5.332,4.704,6.148,6.837
Pik3ap1,16.118,22.697,39.604,12.294,12.119,7.437,10.314,17.214
Cyp4f15,75.286,83.234,92.344,69.433,58.348,50.955,66.325,62.939
Pim3,254.0443575,319.5890411,313.1637312,306.0861057,262.3287671,202.7919113,205.9295499,262.7658187
Slc2a9,21.625,20.975,25.052,19.908,14.255,12.614,16.136,18.378
Dnmt3a,14.817,15.927,17.786,12.192,8.761,9.671,11.995,10.181
Bptf,8.96,11.035,8.963,8.559,6.068,7.621,7.077,7.509
Stac3,9.325357913,12.89272406,10.13924299,9.917630908,8.203569327,7.009217494,8.2682879,8.262404393
Kiss1,16.65362035,42.87671233,31.25244618,24.46183953,18.962818,7.201565558,14.73581213,22.13307241
Mir1929,21.50537634,29.46236559,21.50537634,7.849462366,11.61290323,5.698924731,8.064516129,7.096774194
B930025P03Rik,10.112,14.166,15.95,6.772,2.442,1.945,2.961,3.492
Smim19,4.055,4.931,5.13,3.836,3.627,3.39,3.714,3.607
LOC547349,5.907,6.966,8.783,7.76,5.099,3.784,3.865,6.869
Tcf25,20.223,20.349,23.994,23.076,17.846,15.925,16.437,18.542
Tcf25,20.223,20.349,23.994,23.105,17.864,15.899,16.437,18.559
Kansl1l,14.617,14.557,23.395,16.799,12.047,10.065,10.314,13.903
Pnpla2,26.60573678,30.04218223,33.68110236,31.99662542,20.70022497,17.36782902,18.77109111,22.17660292
Hook2,10.612,10.8,13.434,13.238,7.63,7.595,8.08,8.181
Phldb2,11.964,12.131,15.71,11.422,10.269,7.91,11.217,9.05
Cbx4,35.28873556,37.79961002,56.61916904,49.69551522,34.46827659,29.40452977,34.10229489,36.76316184
Ccnb2,6.457,6.848,8.304,6.946,5.727,3.075,5.094,5.787
Ulk1,29.083,52.476,63.658,35.545,26.912,19.578,21.606,30.511
Avil,6.708,7.905,8.124,8.036,3.77,3.653,4.141,4.361
Ncoa1,5.606,6.339,7.625,5.885,5.583,5.072,5.496,6.148
Cpt1a,87.2,114.892,126.538,110.238,54.04,40.943,45.045,72.842
Prkar1a,24.028,24.497,27.268,21.362,18.384,19.263,17.541,22.166
Tcf25,20.173,20.153,23.974,23.193,17.899,15.925,16.362,18.624
Bsdc1,18.972,19.566,20.401,18.891,18.277,13.192,15.985,16.149
Rassf3,28.333,43.358,62.7,41.59,29.228,20.603,27.88,32.691
Flcn,27.231,33.497,39.964,32.231,15.404,16.95,18.394,19.001
Sned1,5.256,6.731,8.304,5.711,4.345,4.152,4.191,5.427
Adcy10,10.112,7.553,13.574,9.562,7.199,3.443,4.417,4.492
Trib3,3.563416739,5.73986195,11.96937015,3.009059534,2.711389129,1.870146678,2.327437446,2.085849871
Gm19619,3.804,5.987,9.282,6.002,3.196,2.549,3.137,5.115
Txnip,111.3834824,86.04418727,285.6180957,213.2719621,102.7511836,83.21935823,66.13361389,58.73224619
Ralgapa2,19.072,21.679,37.448,19.72,16.661,13.218,15.91,15.444
Kdm3a,13.866,12.757,16.928,12.744,13.716,10.301,10.239,12.067
Coq10b,19.322,28.136,69.028,59.217,38.079,29.774,17.717,26.937
Clk1,77.639,82.256,108.992,80.811,81.813,65.514,73.476,74.973
Gpcpd1,47.505,86.521,93.681,77.294,45.135,49.536,14.454,21.592
Gpcpd1,47.505,86.521,93.681,77.294,45.135,49.536,14.454,21.592
Cyb5d1,4.616714697,7.216138329,7.590778098,7.204610951,6.103746398,4.09221902,2.893371758,5.291066282
Ldlrad1,3.345211581,3.428359317,5.275426875,3.97030438,2.078693393,1.443207127,1.639198218,1.679287305
1810013L24Rik,25.179,29.701,38.746,34.004,22.926,22.889,19.95,25.92
Slc2a9,17.82,21.64,42.958,20.533,17.469,15.189,16.964,13.345
Nos1ap,4.655,5.987,8.963,6.699,5.566,6.491,4.668,3.345
Slc39a14,97.011,110.392,118.633,105.66,54.004,90.873,56.638,73.809
Ccdc157,7.158,7.553,9.582,9.547,8.977,5.466,6.223,5.755
Bcas3,4.405,5.361,5.549,5.043,4.381,4.047,3.714,3.345
Wipf3,2.753,4.696,10.121,7.135,5.637,3.469,3.036,2.902
Wwtr1,5.306,5.987,7.506,6.35,6.284,3.889,5.22,4.672
Ak4,12.114,11.622,37.389,26.753,13.986,13.534,13.124,10.345
Ak4,12.064,11.622,37.349,26.826,13.968,13.534,13.074,10.361
Ak4,12.064,11.622,37.329,26.738,13.95,13.534,13.074,10.361
Tfdp2,4.105,4.5,5.769,4.345,4.273,4.257,4.115,3.541
Dlg1,7.959,7.905,9.222,5.784,4.955,5.992,6.75,6.853
Agt,114.632,119.275,159.036,110.557,99.318,64.647,100.93,118.337
Dnmt3a,16.969,20.74,22.018,20.185,14.704,16.188,13.501,15.69
Gch1,43.2,46.567,78.35,34.876,39.12,31.798,27.704,22.198
Junb,112.3586957,111.8641304,152.8586957,142.1576087,59.52173913,58.27173913,57.14673913,96.85326087
Serpine1,1.141781681,0.714041291,7.513402532,2.651990419,0.880574883,0.270331927,0.343332953,0.561195392
Nptn,5.256,8.335,10.68,9.998,9.408,8.357,7.855,7.345
Ak4,11.713,11.74,37.508,27.044,13.86,13.324,13.175,10.329
Bcl2l11,3.704,5.752,12.297,7.847,4.973,4.415,4.592,3.672
Car11,4.827458256,13.3580705,69.17996289,49.66233766,49.56215213,29.54730983,17.2244898,3.710575139
Fcgrt,29.64892412,30.04756512,35.24462061,34.60928652,28.09966025,22.58890147,27.02718007,25.45526614
Fes,9.108560264,12.56807913,19.28196361,11.72914886,9.185492734,6.290145317,8.212235926,8.108438149
Gstt2,31.37897782,44.14657666,59.86499518,37.56027001,17.13596914,24.58052073,24.44551591,14.06943105
Igfbp4,210.7598039,280.6884058,308.0647911,271.4322251,245.7683291,174.6344842,193.9311594,230.3889599
Maff,7.296520906,2.998191297,18.73177998,10.29684009,6.570911799,2.823704649,2.136397489,1.622513033
Per3,0.951,1.996,19.203,17.438,19.066,13.534,4.366,1.164
Slc22a5,11.663,13.657,21.958,21.216,15.404,7.963,10.013,7.706
Nr1d2,6.157,11.505,25.092,18.673,15.314,8.383,2.008,2.426
Spry4,11.413,7.67,16.848,11.48,7.127,5.624,5.295,7.624
Cd52,7.819010417,8.151041667,9.225260417,8.138020833,5.729166667,7.1875,6.373697917,6.725260417
Rnf11,21.174,16.709,27.607,15.098,12.298,15.951,16.06,18.067
Dbp,3.892458573,22.10010145,169.6449104,140.0101454,37.15590125,18.04193439,13.32431518,3.216097396
Ccnl1,60.169,68.051,87.174,70.13,59.803,59.338,48.231,66.022
Sphk2,61.35113485,79.93591455,133.8424566,121.5300401,69.27369826,63.71695594,68.81708945,46.97463284
Sftpa1,6.581593194,10.44083527,32.88476411,18.09358082,19.1608662,3.758700696,4.949729312,3.488012374
Pla2g12a,4.555,6.848,7.546,2.776,2.388,1.682,3.312,2.935
Fkbp11,5.193883124,6.411796832,10.68268706,5.712725287,9.705079192,3.298743856,1.780447843,3.402512288
Tbc1d20,10.112,10.213,11.338,11.248,8.097,7.963,7.227,10.427
Camk2n1,61.16482041,64.49815374,85.77039275,62.14501511,48.03289695,45.95837529,44.81369587,50.24504867
Fam134b,18.822,27.979,30.761,8.022,12.639,6.202,12.673,14.017
Ptpmt1,44.26189584,50.58261521,66.30198576,45.62570251,39.25065568,41.55114275,40.75871113,44.71899588
Rffl,16.569,16.396,21.738,16.682,18.025,16.293,15.333,12.935
Spata1,4.105,4.97,5.45,4.897,3.627,3.364,3.338,4.558
Fbxl20,15.268,19.566,21.659,16.755,15.117,11.3,10.715,11.919
Brap,52.46,62.729,74.937,53.375,48.187,36.843,46.274,45.79
Acot12,35.591,51.028,51.043,39.991,40.072,26.621,28.884,30.363
Abcg5,24.078,50.128,61.782,28.904,18.115,4.783,20.979,36.019
Bcl3,33.388,37.058,59.546,45.266,24.632,28.723,25.069,31.789
Sgk3,4.405,4.813,6.088,4.461,4.883,3.627,3.488,3.804
Glcci1,6.708,6.966,10.141,8.763,7.612,7.253,5.922,6.23
Wwtr1,5.356,5.987,7.586,6.394,6.32,3.889,5.22,4.705
Unc45a,6.758,8.179,8.504,7.382,7.038,5.177,6.048,6.886
Ogt,13.766,15.418,21.798,21.216,19.013,15.347,14.831,14.345
Tmem106a,31.65031813,32.2640509,45.53817603,37.15800636,34.29347826,22.11956522,24.18345705,23.99257688
F11r,16.819,17.14,21.918,19.458,17.289,17.318,14.605,16.755
Slc39a10,14.467,16.162,17.487,15.316,9.282,12.194,10.063,10.706
Adc,2.503,3.561,5.49,3.488,1.4,1.577,1.531,1.328
Kdm3a,13.916,12.601,16.568,12.599,13.68,10.17,10.138,12.083
Zbtb10,7.008,6.535,9.602,7.077,3.806,4.467,2.56,4.836
4933408B17Rik,4.605,4.813,6.088,5.13,4.937,3.232,4.115,4.099
Pla2g12a,4.655,7.709,8.464,2.863,2.585,1.892,3.488,3.328
Snord7,36.45833333,36.66666667,74.89583333,51.45833333,63.54166667,46.5625,26.14583333,34.16666667
Mir150,130.9230769,102.3076923,175.0769231,96.15384615,69.07692308,48.46153846,88.76923077,110.9230769
Snora34,636.3559322,848.9830508,1481.949153,1119.40678,1387.542373,1251.610169,861.2711864,751.6949153
Gm16548,13.10596833,17.39951279,26.13885505,12.47868453,8.635809988,11.36419001,11.61388551,12.67965895
Gm16998,3.958860759,6.066455696,7.768987342,5.012658228,3.75,2.246835443,3.731012658,2.85443038
Cblb,6.207,6.887,9.542,7.455,8.384,3.469,5.722,5.918
D17Wsu92e,16.969,20.74,28.186,26.244,20.215,18.448,16.838,20.198
Sorbs1,9.06,11.192,12.556,9.358,11.059,7.516,8.708,6.919
Clmn,37.643,39.68,53.079,49.553,28.312,34.005,26.951,25.74
Slc1a2,33.188,37.176,56.672,37.957,35.745,30.063,31.82,33.609
Tmem134,15.31278749,15.6600736,16.52713891,19.6849126,15.56577737,12.08831647,12.12051518,12.70699172
Nasp,7.709,6.926,10.56,8.835,6.768,6.517,5.496,6.492
Slc39a14,85.198,99.67,113.543,100.69,48.438,80.625,53.451,68.054
Sos2,7.108,10.018,11.378,10.434,9.228,9.671,7.779,8.673
Fam76a,5.606,5.752,7.126,8.85,5.189,5.019,4.467,4.672
Sphk2,57.63455657,77.90519878,104.9373089,99.01070336,60.75076453,56.13455657,65.9587156,48.53211009
Prdx6,74.07730536,90.06184428,119.198233,94.84483711,87.45665378,70.14577581,84.4152402,66.81060188
Ints6,34.139,39.25,52.5,47.94,34.255,31.561,23.915,34.298
Hivep2,15.818,16.983,22.637,17.874,15.996,17.975,12.121,15.46
Slc1a2,33.188,37.176,56.672,37.957,35.745,30.063,31.82,33.609
Zfp259,65.78308484,95.00329859,120.9196464,105.8385011,71.08853411,52.39213617,48.83757752,95.00725689
Decr2,35.92033362,46.53724475,51.98590739,48.98188093,36.42795513,29.85475985,32.36985907,31.92119643
Dsc2,17.12,13.227,31.18,17.249,12.549,10.012,9.661,8.427
Klf10,23.42724098,26.14901048,85.65774156,52.98486612,16.30267753,23.55529686,11.80209546,14.31431898
Nasp,7.609,6.574,10.001,8.588,6.571,6.412,5.195,6.361
Ngef,9.461,11.505,18.585,17.264,6.014,8.252,8.131,4.558
Sec61a2,13.516,14.44,18.285,18.717,10.287,9.881,9.661,9.755
Pank1,51.059,51.38,77.213,66.468,31.849,50.009,44.041,30.363
Icam4,6.911130285,7.092320966,7.748058671,7.144089733,6.039689387,6.798964625,6.06557377,4.098360656
Narf,16.269,20.075,23.056,21.986,18.51,13.534,12.07,12.067
Tmem53,8.46,8.805,9.761,9.242,6.697,6.438,7.754,6.164
1110034G24Rik,12.464,20.701,25.252,15.505,12.944,9.539,7.503,9.411
Phlpp1,12.665,15.927,21.719,13.878,13.716,12.036,11.87,11.673
Ripk2,3.003,5.165,6.767,6.234,4.147,5.151,3.488,3.82
Nr1d1,21.03051997,70.03767898,160.6951771,65.23926149,35.98718915,10.09984928,2.552750565,3.027505652
Gtf2b,11.263,14.557,21.239,15.389,13.232,9.066,7.453,10.279
Gys2,25.629,43.867,169.496,58.127,21.921,21.391,24.191,17.723
Tcp11l2,21.074,14.675,30.162,14.808,14.219,10.012,6.775,7.443
Pnpla7,7.709,8.179,12.177,7.484,10.754,7.384,5.195,5.984
Tenc1,31.036,40.267,58.927,48.173,34.488,27.882,24.718,18.592
Sh3bgrl2,6.758,8.57,13.434,9.969,8.42,5.887,6.926,6.968
Podn,3.003,3.013,4.112,6.132,2.424,2.733,1.907,2.64
Fnip1,13.966,14.401,22.038,20.388,19.372,10.485,11.794,13.001
Zcchc11,7.509,8.335,10.56,8.588,7.558,5.887,6.073,5.902
Tmtc2,10.312,10.527,12.616,11.117,6.697,6.859,5.696,5.23
Pld6,1.133144476,4.21529745,6.900849858,4.611898017,2.23796034,4.169971671,1.705382436,2.226628895
Dedd2,19.272,18.392,27.547,25.474,26.409,16.845,15.358,17.887
0610043K17Rik,24.979,32.949,58.688,45.731,45.242,17.712,23.79,28.838
Pdp2,31.08219988,40.38143111,43.32347723,46.92193968,28.13424009,29.05972797,25.37551745,20.70076878
Fbrsl1,12.264,15.027,16.069,17.859,13.968,12.772,11.067,13.772
4930523C07Rik,12.464,15.496,17.247,17.583,14.291,11.037,10.439,9.804
Hmgb1,13.27034121,15.20209974,15.77165354,18.57480315,14.18372703,15.17322835,11.65879265,12.82414698
Prdx2,18.02700675,21.28282071,25.75768942,27.19804951,18.24831208,15.67141785,15.43510878,15.00375094
Atp5sl,17.88565796,20.25135535,20.90685067,24.63775259,18.22819123,17.22523411,17.25234105,14.5441104
Cnppd1,38.84943733,33.9386884,41.28637951,41.8975553,27.48350795,24.22002328,23.66317423,23.60302678
Rnf24,3.654,3.248,4.152,5.144,3.914,2.549,2.509,2.918
Atg2a,12.915,16.005,20.661,21.914,14.812,13.481,10.013,12.116
Gt(ROSA)26Sor,29.85348741,35.04539827,40.94510937,46.96037969,39.93809327,29.39125052,24.75237309,32.34213785
4930523C07Rik,12.464,15.496,17.247,17.583,14.291,11.037,10.439,9.804
Gm129,0.580046404,0.226218097,17.36658933,31.10208817,27.59860789,5.945475638,4.222737819,1.803944316
Gpx4,11.191067,18.46153846,11.88585608,27.0471464,15.58312655,13.69727047,10.5955335,10.17369727
Txnl4a,18.57179161,21.4815756,30.386277,35.78398983,30.0660737,35.66200762,26.91232529,26.41423126
Stk35,8.76,10.84,13.195,18.601,15.709,13.823,10.866,11.575
Rapgef1,10.412,12.953,18.026,18.295,16.733,16.109,15.433,12.444
Mtl5,7.909,9.353,11.358,12.207,2.962,1.708,2.183,5.984
Mtl5,8.91369863,9.863013699,12.38767123,12.95890411,2.804109589,1.979452055,2.475342466,6.693150685
Txnl4a,18.77392654,21.76151061,30.66994309,36.00879462,30.27935851,35.88980859,27.00206932,26.46145887
Isoc2a,18.121,23.91,35.492,43.929,30.413,23.021,13.576,16.132
Cfb,85.10021734,91.38130886,126.6843758,213.9917894,153.4774209,173.9459068,108.7152862,92.36657812
Lrp4,2.102,3.131,9.721,12.962,11.203,3.994,3.99,3.476
Tfeb,5.957,6.613,8.843,12.454,11.113,9.776,10.063,9.001
Tfeb,5.506,6.535,8.364,11.495,11.041,9.592,9.912,8.853
Lmo4,10.062,7.318,12.257,13.02,10.575,10.485,8.106,7.525
Lmo4,10.062,7.279,12.137,13.035,10.61,10.407,8.03,7.509
Klhl7,3.604,2.778,3.873,6.089,5.117,5.282,4.166,4.853
Sh3d21,4.255,3.522,4.551,5.333,3.339,2.917,2.735,3.066
Pcyt1a,8.86,9.235,12.895,14.009,13.896,11.431,11.493,10.607
Nr1h4,67.427,72.668,86.994,139.417,107.128,113.027,94.681,78.727
Homer2,2.353,4.07,10.5,11.843,11.58,8.725,5.621,6.328
Mgll,18.021,33.301,35.093,56.369,30.61,29.17,26.299,25.674
Mgll,18.171,32.988,34.873,55.845,30.521,29.249,26.5,25.527
Mgll,18.171,32.988,34.873,55.845,30.521,29.249,26.5,25.527
Ccdc85b,4.377342774,5.214493961,5.56851312,11.13702624,6.055810079,6.455643482,4.49396085,5.189504373
Hsf4,4.084054388,5.416563659,5.082818294,7.545117429,6.301606922,6.301606922,4.467243511,4.78368356
Adcy6,13.465,11.466,18.724,19.778,13.591,8.199,10.364,10.361
Adh1,186.114,157.037,242.018,289.079,287.954,272.226,226.527,189.425
Ddx5,106.8170712,114.036488,146.6167128,165.082261,157.8921648,149.5667047,108.5697996,124.0478905
Slc6a9,5.957,5.792,11.258,12.207,7.289,7.726,4.366,5.263
Gp5,8.748850046,10.44158234,10.28518859,12.03311868,7.930082797,7.010119595,7.387304508,7.994480221
Pgk1,6.507,9.392,15.071,30.923,24.614,19.657,11.995,16.755
Rps4x,13.65990203,15.61231631,16.06717985,21.25262421,17.83764871,16.55003499,17.38278516,15.82925122
Slbp,8.259,8.296,10.001,10.347,7.163,6.675,6.274,7.656
Tgfbr2,5.606,6.613,7.985,8.748,5.925,8.62,5.119,3.558
Adam2,1.952,3.326,6.188,6.699,3.698,0.893,2.886,1.885
Clcn2,8.66,10.409,11.698,14.779,11.041,11.589,10.941,10.083
Pcyt1a,8.96,9.118,12.835,13.95,13.914,11.326,11.493,10.509
Igfbp5,4.005,2.7,3.433,10.23,7.217,7.884,7.102,4.64
Ldb1,18.74327823,20.65325632,22.38398725,29.49213304,23.52718582,22.66281617,20.74088827,15.6403107
Lmo4,12.214,10.213,14.053,16.028,12.729,11.537,10.54,9.984
Zbtb7a,20.724,21.523,21.559,32.798,21.544,21.023,20.879,20.215
Prodh,24.929,43.554,49.745,55.7,51.921,47.119,51.644,37.97
Trex1,83.80022321,87.34933036,74.4140625,91.31138393,64.62053571,58.95089286,69.31919643,72.63950893
Baz1b,16.219,18.901,23.016,28.279,27.989,24.939,20.703,24.379
Impdh2,13.22570124,12.25375082,17.44944553,22.46575342,19.09001957,14.82713633,13.83235486,13.58121331
Anxa11,9.211,9.627,10.3,13.573,10,12.299,8.959,8.329
Tef,9.261,22.892,79.468,82.613,52.406,39.182,31.619,9.87
Ipo5,4.005,4.578,6.009,9.475,8.654,8.331,4.969,8.001
Osbpl5,1.452,1.096,3.294,8.08,7.81,3.81,4.241,2.377
Gtf3a,4.138765631,4.261799113,4.308188786,5.480032271,3.511496571,3.497377975,3.49334409,3.769665188
Lix1,4.055,4.461,7.086,7.484,6.858,3.627,4.241,3.525
Sdhd,20.89473684,24.50272232,25.323049,31.83303085,29.81306715,26.89836661,29.46642468,25.85662432
Sh3d21,4.405,3.639,4.272,5.435,3.357,3.048,2.886,3.082
Smarca2,29.434,28.371,41.281,46.981,36.804,33.9,28.005,26.297
L3hypdh,6.025692899,6.689257536,9.652033178,11.15719199,9.879627756,10.65951851,9.239328343,7.876795468
Decr1,50.057,50.324,48.308,67.834,34.812,34.242,32.547,34.347
Kdsr,9.461,9.196,10.28,12.192,9.228,8.698,7.102,6.968
Ist1,10.162,12.718,14.612,15.244,13.196,10.985,11.845,11.739
Ddhd2,8.009,10.409,23.236,24.37,8.115,10.039,8.256,7.689
Tmed5,21.09782001,24.14868642,25.95416434,27.74734489,17.16042482,15.3940749,13.99888206,16.2392398
Mospd3,11.70843776,11.93400167,12.42272348,13.04928989,12.82372598,7.46449457,11.31996658,8.696741855
Slc19a1,2.253,3.131,4.611,5.435,5.332,4.704,4.191,4.672
Sytl1,4.0060015,3.718429607,4.842460615,6.322830708,5.455113778,6.309077269,5.240060015,4.96124031
Peli2,7.809,6.966,9.961,10.23,8.725,8.83,7.704,6.738
Hsd17b11,7.459,9.079,13.933,15.433,11.005,7.516,9.41,7.361
Mrps21,11.57506702,13.37634048,14.38337802,19.86930295,18.47017426,14.57439678,14.8424933,14.22922252
Card10,5.206,5.909,5.829,6.394,4.955,3.889,4.065,4.64
Tor1a,19.89921613,27.89846958,27.23404255,41.79357969,34.04441956,28.83911907,31.47256439,26.62000747
Creb3l3,91.105,96.735,104.78,128.083,101.383,74.554,92.322,86.499
Trim41,18.10080107,21.76902537,22.45327103,33.16088117,28.98308856,28.09746328,23.08967512,24.7340899
Prr3,6.70318523,7.780482857,9.435991073,14.53438831,9.870156218,13.38202475,8.145668493,9.279772773
BC037034,10.03340292,9.64091858,10.25052192,13.4697286,11.84551148,10.42588727,10.16283925,7.941544885
Fam102a,10.412,11.348,22.617,31.49,31.311,18.579,16.311,12.542
Polr2b,6.407,6.692,7.366,12.337,11.347,9.671,7.829,7.771
Lrp4,2.102,3.131,9.721,12.962,11.203,3.994,3.99,3.476
Fbxo45,3.654,4.383,3.992,5.508,5.44,5.308,5.119,5.05
2310044G17Rik,10.812,14.753,17.746,22.074,21.58,19.525,16.136,18.821
Txnl4a,18.67249807,21.64394134,30.55569848,36.07666581,30.16207872,35.76537175,27.11602778,26.57319269
Usp2,3.333716123,4.448782729,32.87207166,50.39733578,45.66720257,23.65985301,32.50689022,19.18465779
A930007I19Rik,12.614,15.301,19.583,24.689,22.926,22.101,17.717,13.755
2810008D09Rik,23.12138728,27.16763006,42.71676301,52.89017341,46.70520231,48.61271676,46.41618497,36.01156069
2900005J15Rik,15.15151515,23.63636364,24.24242424,35.15151515,10.90909091,16.06060606,15.15151515,4.848484848
Prr3,6.722148667,7.548704369,9.476073388,14.56780783,9.678456592,13.32135427,7.974276527,9.116701343
Prr3,6.920847269,8.026755853,9.391304348,14.25641026,9.687848384,13.7703456,8.448160535,9.284280936
2310044G17Rik,10.512,14.205,17.167,21.812,20.79,19.131,15.684,18.346
Mir1938,30,35.2,39.9,52.3,23.3,18.4,12.5,24.6
Mir3067,5.952380952,9.285714286,9.523809524,24.16666667,19.28571429,6.30952381,2.976190476,3.928571429
Gdap10,17.04918033,19.24337957,33.98486759,54.60277427,40.30264817,36.78436318,21.84110971,17.57881463
Snora5c,9.900990099,7.722772277,17.82178218,28.81188119,14.25742574,12.97029703,9.900990099,4.851485149
Gm5506,20.28481675,29.62617801,55.62198953,65.71937173,30.86806283,35.82827225,24.88376963,29.56230366
Dnajb6,15.668,18.04,23.276,29.238,25.619,22.101,16.788,19.297
Dnajb6,15.668,18.04,23.276,29.238,25.619,22.101,16.788,19.297
Vamp1,7.83749471,9.191705459,11.82606856,14.97460855,10.14388489,9.898434194,10.1946678,7.769784173
Chd7,11.263,15.34,16.568,20.228,18.33,15.452,13.852,16.542
Ldb1,13.415,15.301,16.429,20.519,14.273,15.873,13.476,12.329
Ppara,52.911,68.403,119.711,145.622,88.115,70.691,65.471,62.939
4833420G17Rik,17.37,20.231,24.154,22.103,28.815,17.66,17.792,16.755
Dnajb6,15.668,18.04,23.276,29.238,25.619,22.101,16.788,19.297
Acot7,2.803,3.209,4.332,5.319,4.65,3.81,3.112,4.017
0610012H03Rik,8.159,9.627,16.309,18.848,17.738,15.294,8.306,7.607
Cmip,22.075,24.223,32.139,25.285,32.46,29.722,18.896,16.87
Slc5a6,1.652,2.504,6.547,9.794,4.363,3.285,2.208,2.656
Slc5a6,1.602,2.387,6.368,9.765,4.309,3.18,2.133,2.64
Ralbp1,4.305,6.026,5.969,6.699,6.176,5.414,5.797,4.935
Grn,35.13368984,34.35383244,47.81417112,41.6399287,53.76336898,35.95142602,32.76515152,28.31105169
Cdk18,9.211,11.857,15.989,20.882,16.75,12.745,9.636,12.853
Por,64.224,78.343,96.037,114.365,125.853,88.929,40.151,59.792
Ralbp1,4.205,5.87,5.809,6.714,5.943,5.019,5.395,4.656
Wee1,2.353,1.291,12.336,15.636,15.619,7.963,9.109,2.312
Ppara,53.111,67.542,118.534,144.387,88.205,70.901,65.246,61.956
Abca1,24.979,23.049,39.245,30.967,40.018,29.144,21.079,21.051
Ctsf,7.539640592,5.377906977,9.495243129,10.40697674,10.3435518,8.541226216,7.494714588,4.764799154
Yaf2,5.957,7.357,8.384,10.172,8.851,7.989,6.876,7.984
Rnf215,7.696503843,12.51673692,11.08604017,13.58294074,13.22092735,9.447061741,10.39176791,9.390032234
Oraov1,7.106997972,7.639452333,7.188133874,11.53144016,9.330628803,9.196247465,7.190669371,5.986308316
Glrx5,11.82577949,17.98778528,22.87528126,29.82481517,18.84281581,18.71102539,15.28608165,15.70395371
Ubald1,21.3407094,22.53823625,29.29710381,23.83338757,34.17832737,23.08818744,17.88480312,21.0218028
Tef,13.015,25.984,71.044,86.682,53.07,33.112,33.225,12.821
Atg14,13.065,15.418,17.487,18.179,19.354,17.344,12.372,11.329
Sel1l3,7.108,7.435,13.474,11.8,14.919,8.83,6.249,6.591
Zfp653,5.456,7.005,7.346,8.516,7.81,6.333,6.173,6.804
Slc5a6,1.702,2.739,7.226,10.535,4.955,3.548,2.585,2.918
Foxk1,10.812,11.348,15.071,15.912,16.822,11.721,10.113,9.919
Mir24-1,7.352941176,34.55882353,41.02941176,47.05882353,42.20588235,30.88235294,11.02941176,16.91176471
Med14,2.903,3.404,4.611,4.636,5.027,4.047,3.036,3.935
Ccpg1,3.504,4.813,4.99,5.667,6.858,4.625,4.617,3.951
Smarca2,20.824,21.21,34.454,40.398,44.381,26.174,24.542,20.133
Med14,2.903,3.404,4.611,4.636,5.027,4.047,3.036,3.935
Slc30a7,4.906,6.339,6.807,7.571,10.377,6.202,5.922,5.722
Ccpg1,3.504,4.813,4.99,5.667,6.858,4.625,4.617,3.951
Chd3,28.433,33.262,42.359,41.866,47.989,42.099,36.312,24.1
Wdr92,7.809,9.157,8.005,9.257,13.716,8.436,7.93,6.246
Vkorc1l1,9.411,7.944,14.073,14.517,20.7,14.243,10.188,13.854
Zmiz2,11.46492587,12.46957291,9.651471565,12.52489489,18.49413587,14.9159106,14.38260677,13.20535517
Mief2,11.75802662,10.72435395,16.64839468,17.01252937,17.50195771,15.84573218,13.16758027,13.86452623
Tpd52,3.154,3.131,3.154,4.708,5.009,4.31,3.187,3.623
Rab43,25.479,30.993,40.842,46.284,54.147,31.535,36.889,35.101
Ung,2.543923334,3.579207202,4.637723247,6.499201394,9.124437346,4.692899666,1.675620735,4.380717293
Gba,8.672707889,10.42910448,9.842750533,10.88219616,14.25906183,12.67857143,10.90085288,10.05063966
Focad,3.154,2.739,3.314,5.072,6.822,6.123,5.195,5.918
Lipa,19.873,15.457,13.973,16.929,50.79,20.13,43.188,30.904
Mitf,3.704,3.483,4.252,4.505,9.12,5.256,5.471,5.115
9-Sep,12.064,11.74,10.799,11.001,18.959,16.241,18.846,15.395
Guk1,7.429782724,3.730789613,8.039215686,10.62533121,12.75039746,8.494965554,7.980922099,7.387387387
Slc20a1,4.852262235,9.122807018,32.9478301,27.43998153,38.79039705,20.50323176,14.48291782,17.18144044
Sec16b,47.505,45.55,42.439,50.512,63.824,51.008,50.565,48.299
Rin3,9.511,8.218,8.144,8.254,13.411,10.17,12.02,11.509
Pcyt1a,8.91,9.353,12.975,13.878,14.129,11.458,11.594,10.64
Pradc1,4.571088165,3.57426529,5.075456712,6.060365369,8.482922955,5.738681493,6.080222399,5.861795075
2700089E24Rik,18.72047244,20.80708661,25.5511811,28.32677165,42.04724409,23.7992126,25.19685039,24.52755906
Syvn1,53.84346305,44.74420638,62.36554438,85.93790993,312.3196327,83.19195453,56.72933975,76.20244862
Slc17a3,24.178,24.066,38.207,30.72,56.23,52.427,50.415,32.986
Aven,2.803,2.583,3.653,4.025,6.679,5.965,4.642,5.607
Slc39a11,1.952,2.465,3.054,2.761,5.26,3.6,3.237,3.148
Sec14l1,5.156,4.931,6.268,8.21,8.366,6.885,5.571,6.853
Rnf145,6.758,8.139,13.075,11.451,13.95,9.382,8.206,8.443
Bag1,6.120036375,5.654238658,7.442659392,8.281297363,8.906739416,6.850560776,6.719207841,6.825300596
Igsf5,7.058,7.474,8.843,9.358,12.244,7.253,7.729,7.164
Igsf5,7.058,7.474,8.843,9.358,12.262,7.253,7.754,7.164
Dact1,4.017509728,4.187743191,6.456712062,7.103599222,9.670476654,9.362840467,4.485651751,2.35286965
4931406C07Rik,8.109,7.435,12.376,18.077,18.402,18.054,15.107,14.444
4931406C07Rik,8.66,7.748,12.636,18.266,18.797,18.474,15.458,14.69
Cep57l1,3.504,3.483,3.613,3.836,5.045,4.389,3.99,3.328
Aco1,14.116,18.744,18.585,22.001,32.388,25.806,24.869,21.559
Parp1,4.806,4.539,3.433,5.842,7.289,5.939,5.671,5.394
Alpl,1.452,2.504,11.817,11.306,19.479,4.362,6.198,3.968
Slc25a5,24.26839827,30.15584416,32.66666667,34.72727273,36.83982684,28.21645022,23.03030303,27.39393939
Tfb2m,7.509,7.67,9.462,11.771,14.506,11.09,7.829,9.591
Il12rb1,1.151,1.644,3.354,4.287,5.296,1.892,1.732,2.902
Mertk,11.213,13.148,11.718,14.009,18.528,14.191,16.236,13.722
Lypla1,12.965,15.888,15.95,18.615,19.928,16.267,14.906,15.968
Shmt1,12.364,17.375,21.818,22.51,41.005,36.186,27.403,26.773
Srm,5.429087624,1.770551039,6.314363144,18.50948509,20.92140921,15.42908762,5.438121048,10.37037037
Ext1,16.118,20.231,22.757,25.561,32.334,28.276,17.441,20.067
Fkbp7,2.917544947,2.911345319,3.068815871,3.062616243,5.253564786,4.203347799,4.698078115,3.414755115
Srsf2,87.74624374,89.1736227,136.1352254,157.687813,162.8964942,127.8881469,93.42237062,124.6744574
Ung,2.760298411,3.618228998,4.725916315,6.621796951,9.609146935,5.029192345,1.709373986,4.466428803
Slc20a1,5.056,8.726,34.973,29.645,38.815,21.128,14.981,18.067
Ero1l,3.504,3.718,5.47,6.394,8.833,5.597,4.818,5.689
Capn15,16.09367089,12.97721519,10.9164557,13.50126582,23.99746835,19.82531646,18.55189873,16.64303797
Hp,144.6650367,187.1442543,371.6136919,245.4425428,394.8850856,239.0171149,287.3887531,153.6870416
Atf6b,10.023757,9.562192432,7.654844731,12.1330392,14.86679111,14.13711183,13.07313762,12.21279484
Gde1,19.122,24.81,33.097,43.595,44.417,27.725,25.094,32.888
Ubc,65.58694593,44.60301997,49.0063322,45.01704822,76.60496834,74.36921578,73.46322455,70.19483682
Dnajb5,5.08931025,5.26793075,7.131079967,7.666941467,8.584776037,6.644682605,5.44655125,5.902720528
Ppp2r3c,3.604,4.578,4.372,4.825,6.032,5.808,5.395,5.148
Cad,4.205,4.07,5.21,7.44,15.081,8.488,4.642,6.705
Ipo4,8.58136646,7.826086957,9.546583851,13.24968944,16.99378882,16.09440994,9.944099379,12.3826087
Sys1,10.0511811,9.551181102,10.37401575,11.04330709,15.5511811,13.24409449,12.2519685,14.77952756
Rnf181,65.94311377,59.16167665,58.27844311,58.74251497,101.5868263,75.92814371,77.00598802,74.61077844
Lman2,22.426,23.518,27.388,42.999,47.666,27.908,26.801,38.741
Riok2,10.112,9.587,13.155,19.72,24.542,21.023,16.512,15.263
Tspan31,45.83333333,41.47119342,59.14609053,58.00411523,80.16460905,67.59259259,75.3909465,51.44032922
Slc47a1,12.614,14.205,15.031,21.58,25.368,23.914,25.094,15.149
Rpp21,14.36781609,9.022988506,13.79310345,15.86206897,26.83908046,24.13793103,23.10344828,12.24137931
Tmed10,10.412,11.074,14.273,14.866,15.799,12.325,12.171,14.067
Rbm25,22.826,21.797,23.116,32.217,35.835,35.451,29.185,30.084
Zfp398,6.157,6.809,6.228,7.731,10.736,9.881,8.909,8.902
Rcbtb1,12.214,13.031,21.259,21.667,26.93,13.797,15.333,15.214
Zswim1,5.962419798,3.767186068,3.932172319,3.996333639,7.571035747,7.465627864,7.131072411,5.559120073
Igsf5,7.058,7.474,8.843,9.358,12.244,7.253,7.729,7.164
Pdia5,40.847,48.524,60.924,79.169,80.072,71.69,44.091,52.561
Nphp3,1.852,1.683,2.236,2.34,5.619,2.602,2.66,2.574
Syvn1,52.26715925,43.36962862,60.04472098,83.3540735,301.9910558,78.99669454,53.08769201,74.56153996
Cluap1,2.803,3.678,8.604,6.656,8.905,5.834,6.173,4.574
Srbd1,5.256,5.596,6.009,7.833,8.133,7.174,5.822,6.246
Gys1,3.754,3.444,3.413,4.548,7.038,5.571,5.27,4.394
Erc1,9.911,12.131,14.552,16.145,17.882,13.613,14.153,13.673
Akr1c20,3.204,2.818,4.651,6.641,11.526,9.145,8.432,7.574
4931406C07Rik,8.46,6.848,12.137,16.77,21.49,18.448,16.111,14.854
Il17rc,7.64918439,7.918645468,7.377658476,9.272145364,11.93681602,11.61160438,9.974189552,8.632046252
Acot4,7.719217491,5.224395857,15.39010357,24.17951669,25.82508631,11.3693901,9.530494822,8.490218642
Tmem150a,93.0877193,75.68859649,85.45175439,113.8947368,155.3596491,129.5526316,118.5394737,100.4517544
Sbk1,5.306,12.522,21.579,20.853,36.338,16.372,15.985,16.313
Rhbdd2,9.311,12.092,10.5,14.779,19.695,12.719,9.787,10.525
C8a,47.655,41.48,45.054,52.285,73.986,72.82,60.101,43.626
Zfp263,16.01066098,20.02558635,22.08955224,27.82302772,28.17484009,24.26226013,21.93816631,27.19616205
Mapre2,3.104,3.913,6.368,6.51,7.235,4.651,5.621,4.492
Nphp3,1.852,1.683,2.236,2.34,5.619,2.602,2.66,2.574
Phf20,9.161,8.531,9.841,11.16,17.325,13.087,12.698,14.345
Slc16a12,3.804,5.361,18.844,16.77,21.598,8.147,11.242,5.673
Slc31a1,15.117,17.923,19.642,23.149,28.312,15.925,19.298,17.706
Golim4,10.162,9.94,12.756,12.468,26.822,16.188,12.848,10.984
Wwp1,14.567,14.988,14.313,16.886,22.944,19.473,17.466,17.346
R3hcc1l,12.264,11.935,13.953,13.442,18.223,14.559,14.329,14.477
Erc1,9.911,12.131,14.552,16.145,17.882,13.613,14.153,13.673
Gale,10.36489152,6.942800789,4.723865878,7.021696252,14.87179487,11.66666667,13.36291913,12.61341223
Zfp324,23.35291156,19.56871958,17.62040611,26.09330425,41.96845108,28.2681658,26.44571237,27.75969122
Il17rc,7.73406118,7.940055618,7.401380163,9.294469049,11.98269647,11.66546503,9.97631064,8.629107014
Cdc42bpb,20.724,18.94,18.525,25.954,29.677,27.83,22.284,21.69
Zhx2,27.482,23.831,29.544,34.542,36.158,34.373,30.189,29.97
Ctif,6.558,6.652,8.124,10.114,14.237,10.039,7.403,9.64
Ugt1a7c,18.221,17.962,34.554,28.686,46.445,45.542,37.893,18.92
Pradc1,4.557438795,4.174513497,4.698681733,5.929064658,8.904582549,5.360954175,6.142498431,5.816070308
Sec14l1,5.156,4.931,6.268,8.21,8.366,6.885,5.571,6.853
Mirlet7a-1,42.55319149,37.44680851,53.08510638,64.89361702,105,67.12765957,56.06382979,54.04255319
Mir3074-2,9.345794393,14.6728972,24.29906542,14.95327103,25.14018692,9.813084112,2.336448598,3.08411215
2610507I01Rik,13.65668814,10.97385373,14.06972338,13.2701781,19.52633573,15.93406593,15.49829481,14.47517999
9330133O14Rik,1.218026797,0.950060901,2.436053593,3.191230207,5.468940317,5.115712546,2.75274056,3.788063337
Mknk1,5.106,5.478,6.148,7.905,8.51,6.386,6.148,6.787
Rffl,14.767,13.97,20.002,16.842,21.436,17.817,15.433,14.87
Ttll4,7.008,8.139,9.003,11.48,12.801,12.272,9.385,11.886
Lrp3,3.504,4.07,5.729,7.498,7.181,8.567,4.919,5.23
Cln5,8.227146814,10.47830102,11.31671283,11.43305633,12.93074792,11.74515235,11.44598338,9.204062789
Med22,10.52725118,13.67890995,14.54680095,21.52251185,22.49407583,16.57879147,17.0971564,15.29620853
Agap1,4.956,6.926,9.522,8.821,14.452,9.539,8.883,8.492
Agtpbp1,2.803,2.935,3.753,4.098,5.978,4.467,2.961,4.181
Ttc37,6.307,7.044,7.386,9.504,12.352,10.538,9.21,11.312
Gm6251,2.533783784,3.310810811,4.391891892,2.939189189,5.456081081,4.881756757,4.662162162,2.77027027
Rbfox2,15.668,16.749,17.586,19.749,20.754,28.355,17.541,17.149
Pacsin2,6.608,6.966,7.705,8.719,11.724,9.566,8.407,10.722
Nr1h4,49.707,51.263,65.096,89.791,75.745,90.952,63.74,57.742
Rffl,14.467,13.618,19.902,17.206,21.005,18.185,15.006,14.591
Slc25a21,5.106,5.596,8.284,6.002,9.264,9.119,7.202,6.46
Papd7,11.113,13.814,17.666,18.354,31.329,16.293,18.244,16.837
Pfkfb3,13.015,16.475,59.027,44.394,83.447,72.741,16.487,55.84
Osbpl5,1.652,1.174,3.334,8.022,8.348,3.732,4.191,2.623
Nf2,5.406,6.613,6.168,9.286,9.892,9.539,7.829,9.05
Nf2,5.406,6.613,6.168,9.286,9.892,9.539,7.829,9.05
Rpain,13.00837112,14.87792117,17.54621556,20.73072899,28.58562958,21.58528078,19.60585978,17.61248692
D16Ertd472e,2.203,3.522,4.152,5.101,6.535,5.308,3.714,4.377
Smn1,4.155,5.674,4.332,6.176,6.427,6.123,5.747,6.05
Tdrd3,6.357,7.631,7.466,9.14,9.587,9.066,8.632,8.984
E030018B13Rik,0.594177065,2.323232323,14.58704694,36.26262626,80.11289364,45.90612002,29.22756982,12.27569816
Agap3,9.911,11.544,11.678,15.157,15.691,14.638,12.472,13.28
Cyp3a13,27.131,28.449,43.497,37.39,89.318,42.73,69.361,33.003
Gba,8.695884554,10.45697488,9.708711919,10.91127739,14.29716729,12.71245323,10.86317477,10.07749866
Hspe1,30.37606838,34.78632479,50.5042735,69.17948718,82.24786325,70.75213675,32.17094017,59.55555556
Il15ra,18.071,26.297,29.583,36.562,50.162,37.842,32.196,31.642
Nme1,4.678162433,6.954060813,5.964196393,11.53481637,13.68303278,13.21442675,7.762274582,11.86915888
Snta1,6.257,8.139,7.605,11.16,13.285,9.119,8.808,8.476
Gda,2.203,2.348,4.451,6.932,9.21,4.809,5.797,3.181
Per2,7.208,5.518,21.06,35.414,52.172,39.682,32.999,13.624
Ybx3,6.558,7.239,9.382,10.535,11.813,13.402,8.382,7.919
Mrps12,3.546099291,5.531914894,18.43971631,14.39716312,19.07801418,22.34042553,8.865248227,12.76595745
Zw10,3.904,4.852,5.509,7.164,7.504,5.282,5.571,5.033
Fkbp9,2.953,2.035,3.533,3.735,5.925,4.651,3.589,3.476
Odc1,2.269978402,3.211663067,5.90712743,11.83153348,11.36069114,12.08855292,3.740820734,5.239740821
Surf2,9.725714286,13.64,13.12,22.42285714,26.36571429,22.82285714,15.2,21.45142857
Fbxw5,13.19717787,15.11325659,14.23319718,18.3995544,20.86520609,16.29780913,16.68028221,16.19383587
Paxip1,5.757,7.044,7.446,8.952,9.767,8.304,7.93,8.902
Rcl1,11.914,17.296,18.704,19.807,20.718,20.971,13.451,17.788
Agtpbp1,2.803,2.935,3.753,4.098,5.978,4.467,2.961,4.181
Ripk4,4.806,4.892,5.689,5.943,9.443,6.228,5.195,5.918
Col27a1,10.062,5.713,11.658,25.46,31.4,25.465,17.19,9.181
Tmem186,17.77777778,23.8254693,21.16692035,26.76306443,31.06037544,28.00101471,21.39015728,25.20547945
Mpi,7.178103315,7.481881264,6.863531226,9.00848111,10.35466461,9.725520432,8.436391673,8.519660756
Ifrd2,9.196025294,10.37037037,14.30593195,13.39054502,15.6248118,14.40228847,10.35230352,11.05691057
Ikbkap,4.605,5.439,5.35,7.644,8.025,7.726,6.349,7.279
Slc25a37,28.433,21.992,38.926,35.704,48.636,39.34,34.881,34.314
Ddo,4.205,6.339,8.144,10.753,12.083,10.88,8.482,5.394
Fam86,4.596000816,5.389716384,5.478473781,8.153438074,10.0734544,8.873699245,8.115690675,8.01163028
Nbas,2.503,2.857,3.633,4.2,10,4.362,4.04,4.951
Pex1,9.711,9.822,9.562,13.384,17.127,13.166,12.196,11.345
Afmid,27.882,31.893,42.978,43.145,78.402,51.744,49.11,33.839
3110002H16Rik,5.206,8.139,8.304,8.487,12.065,8.436,9.034,8.197
6030458C11Rik,5.707,7.905,7.745,8.908,10.377,9.671,8.356,9.411
Ubqln4,10.762,11.622,12.955,20.998,24.255,15.294,14.354,18.51
Ercc3,8.76,10.409,10.759,14.604,14.955,13.376,11.97,11.722
Il15ra,17.871,26.884,29.683,37.143,50.754,37.816,32.497,32.773
Letmd1,9.744494464,10.61686337,12.19248084,14.05645456,16.60177637,14.32412702,13.49555907,11.07068986
Macrod1,7.909,6.692,8.544,9.794,10.916,10.564,8.683,8.197
Ufsp2,7.509,9.666,9.721,11.262,13.645,11.878,10.64,11.214
Agap3,9.911,11.544,11.678,15.157,15.691,14.638,12.472,13.28
Nrbp2,18.61570248,24.09504132,26.14876033,34.64876033,41.09917355,39.74380165,32.87190083,29.53719008
Farp2,4.806,6.261,5.709,7.004,7.379,7.358,6.123,6.82
Ahcyl1,11.814,13.266,14.752,17.598,23.77,18.974,16.713,19.559
Zdhhc14,4.555,6.3,7.805,6.656,8.348,8.304,7.177,6.804
Ccdc137,6.634319527,8.984615385,7.039053254,9.699408284,10.53727811,9.827218935,8.018934911,7.723076923
Fam214a,32.788,48.993,79.109,59.827,153.483,62.255,93.427,55.152
Syne3,7.759,6.809,12.596,13.195,17.702,15.689,11.117,8.099
Srek1,12.114,15.144,15.59,15.767,18.259,16.188,15.533,15.788
Tdrd3,6.357,7.631,7.466,9.14,9.587,9.066,8.632,8.984
Dclk3,2.152,2.309,2.974,3.212,7.774,5.545,5.044,2
Coa6,8.56684492,9.20855615,10.45989305,15.85026738,19.77540107,16.86631016,13.68983957,14.72727273
Trmt6,3.357723577,3.698170732,3.834349593,4.519308943,8.173780488,5.635162602,4.463414634,5.515243902
Trak1,6.708,6.731,7.446,11.131,11.221,9.96,10.439,9.247
Wdr3,6.007,7.239,6.148,8.966,10.575,10.485,7.88,10.329
Ppm1l,3.003,3.287,5.29,5.348,6.445,7.884,4.191,3.968
Ipo7,12.264,15.849,20.301,20.373,27.397,22.153,16.487,20.575
Snord16a,1083.626374,1212.637363,2355.934066,1596.923077,2698.901099,2731.868132,1555.274725,1516.923077
Mir345,15.625,32.60416667,25,46.875,89.79166667,60.20833333,33.95833333,30.72916667
Gm19522,1.652,1.8,2.635,6.961,11.257,9.119,2.836,2.23
Ankrd28,5.206,5.752,9.801,9.794,10.251,12.982,10.791,9.771
2310061I04Rik,5.188749075,9.267209474,5.392301999,11.40266469,11.49518875,11.57290896,9.566987417,10.74019245
Rai1,12.715,12.953,15.051,17.307,19.031,23.835,17.014,16.69
Rcan1,3.354,3.913,4.631,6.045,7.81,8.041,5.998,5.968
C1qbp,10.54385413,12.9173216,13.80697894,21.88305564,18.79283244,27.67683119,15.93524049,18.55391386
Tnnc1,0.357142857,0.557142857,0.571428571,6.535714286,9.621428571,10.51428571,4.3,1.407142857
Dbt,3.354,3.952,4.691,7.484,6.84,7.963,5.195,6
Tbl2,5.656,5.87,7.246,11.335,11.706,15.505,8.306,9.312
Usp25,7.358,6.926,7.825,8.704,8.959,10.459,7.654,7.771
Rabggta,8.03255814,10.19302326,10.95581395,13.89069767,14.61395349,18.02790698,15.8744186,9.074418605
Cyp2d40,1.310043668,2.733624454,4.358078603,3.23580786,5.489082969,7.113537118,5.03930131,1.64628821
Mrps25,3.104,4.383,3.793,5.58,5.583,5.65,4.893,4.558
Rrp8,8.591943958,8.633975482,10.34676007,15.67775832,14.58844133,17.57968476,11.51313485,13.09281961
Eef1g,16.6487965,17.51094092,19.74398249,26.37636761,24.61269147,27.74507659,20.12472648,23.65973742
Manba,4.856,5.752,4.112,7.179,7.828,8.094,6.474,6.033
Idh3b,27.39420935,32.99395482,32.26535157,39.20776328,34.61660834,41.97263761,34.01209036,33.22621699
Mmaa,14.967,21.444,17.926,25.619,25.691,26.332,22.133,22.903
Mtrr,3.454,4.031,4.711,6.583,6.158,9.093,5.546,5.722
L3mbtl3,5.807,5.674,7.705,6.772,8.618,8.987,6.449,6.312
G6pc3,3.150167785,3.447986577,3.598993289,5.180369128,5.121644295,5.843120805,4.211409396,5.020973154
Ccp110,3.254,3.718,2.715,4.592,5.117,5.177,3.89,3.804
Zfyve9,3.854,3.6,6.707,6.844,6.966,6.99,5.722,5.164
Zfp948,4.505,4.422,4.551,5.101,6.463,6.833,4.793,6.46
Miip,6.74015483,7.837428475,8.06294177,10.63783238,9.759340289,11.23359138,8.024234265,7.283742848
Prps1l3,11.49226197,11.18991493,11.57937891,13.18130573,15.47504356,17.58737317,14.78835708,15.57650917
Zfp692,7.673579802,8.045085663,5.112714157,6.315599639,9.130748422,11.94229035,10.45446348,9.136158702
Traf3,5.106,4.5,4.451,3.909,5.889,8.173,6.449,6.017
Gpr155,3.104,2.896,3.394,4.025,4.381,5.597,5.571,3.131
Slc16a5,4.034857949,3.587547854,5.852307072,5.914769293,5.987306065,8.393109007,4.171871852,3.138222849
Lonrf1,5.006,3.131,5.709,17.859,7.989,27.33,6.198,6.738
Exosc7,8.209,8.922,6.747,9.591,9.892,12.903,10.991,10.575
Pgd,8.76,7.748,6.747,8.123,8.456,11.011,9.235,9.099
Abhd14a,5.158137882,4.310589908,3.050817342,5.138592751,4.657071784,8.312011372,6.510305615,5.243425729
Fkbp8,42.7443609,34.11564626,44.45578231,44.87468672,47.37379162,47.46867168,42.9018976,31.37486574
Thrb,26.43,23.636,22.018,35.748,40.054,41.022,29.586,33.462
Eml4,7.859,7.631,7.286,6.481,7.774,10.564,8.181,8.46
Pced1a,13.52964905,10.41750706,9.098426785,12.51512707,13.97741025,14.68132311,13.76764825,12.06938282
Rbm47,38.394,32.401,30.063,35.094,46.481,55.896,45.346,34.97
Gtpbp8,8.762078396,7.562443026,6.258887876,8.477666363,9.786690975,10.82771194,8.920692799,9.56426618
1700024P16Rik,4.305,2.739,1.477,1.831,3.68,7.884,6.826,4.476
Tars2,5.556,6.692,5.17,7.222,7.092,9.119,8.507,7.771
Tars2,5.650410959,6.303561644,5.228493151,7.197808219,6.847123288,8.898630137,8.524931507,7.563835616
Spsb3,13.11168682,12.61658031,8.906160046,11.58606793,13.0224525,22.31433506,15.67357513,17.97927461
Mipol1,11.263,11.035,11.498,12.977,15.44,17.449,14.63,15.362
Zfp961,4.305,3.522,3.194,3.793,3.878,5.256,4.617,4.263
Sirt4,6.886660448,6.023787313,5.027985075,6.236007463,8.75,8.885261194,8.836287313,7.1875
Cyp2c50,8.41221374,8.366412214,8.534351145,6.870229008,27.67938931,38.51908397,18.39694656,14.51908397
Sugp2,7.409,7.122,5.33,7.411,7.935,8.987,8.005,8.181
Madd,7.108,6.261,7.586,8.312,8.941,9.802,9.159,7.427
Gpr155,3.104,2.896,3.394,4.025,4.381,5.597,5.571,3.131
Dnajc1,6.908,6.222,8.624,9.722,10.646,12.299,8.206,9.607
Fgfr1op,5.056,5.322,6.268,6.452,6.966,8.225,6.926,7.164
Fkbp8,42.27065475,33.47255152,44.12547875,44.23308408,47.24968083,47.35363852,42.88345796,30.61827467
Cyp4f14,28.533,23.01,15.291,31.2,29.785,48.327,40.026,34.494
Cyp4f14,28.282,22.658,15.011,31.083,29.372,47.592,39.524,34.363
Ncoa6,7.859,7.044,9.023,8.603,10.036,11.721,9.185,10.64
Phyhd1,20.273,23.049,18.884,24.617,27.056,29.512,25.17,21.723
Zmynd8,18.471,18.783,13.374,13.718,14.865,22.416,20.879,19.297
Zmynd8,18.471,18.783,13.374,13.718,14.865,22.416,20.879,19.297
Cmah,15.568,12.366,16.249,18.557,21.49,25.07,17.666,23.723
Dnajc1,6.908,6.222,8.624,9.722,10.646,12.299,8.206,9.607
Kcnc3,4.906,4.892,6.368,7.455,11.777,11.931,8.909,8.033
Klc2,5.488860672,5.962137828,4.332217477,5.434606949,5.471545654,7.189195429,6.488514371,6.169918042
Prkcz,2.603,4.148,3.453,3.865,5.422,5.703,4.542,3.754
Snrpb,29.70850061,29.02949904,47.56152906,37.38872404,41.8048525,56.19130738,38.63326933,34.28347006
Umps,6.462169736,5.561449159,7.831265012,7.096677342,9.594675741,9.730784628,8.538831065,8.548839071
Cyp2j5,85.198,67.072,40.862,47.78,60.79,97.47,89.386,85.203
Gpaa1,9.9750934,10.2366127,11.18929016,14.11581569,15.64757161,17.01743462,16.56288917,11.33250311
Rnaseh1,4.135168961,5.191489362,4.172715895,5.237797247,5.46057572,6.578222778,6.09261577,5.580725907
Tfeb,6.963406805,5.444040231,7.817248021,8.863684999,9.835223625,10.79820244,9.343034453,7.192381768
Traf5,7.659,5.752,5.609,5.856,9.551,10.17,9.26,6.279
Mybbp1a,12.24886822,11.49149639,12.43239936,18.82907133,20.82466659,25.72250092,17.74746115,17.45136425
Extl1,2.803,2.152,4.611,4.65,2.998,5.808,5.019,2.967
Pdgfc,3.854,3.522,1.717,2.659,2.675,5.492,4.642,4.377
Zc3h8,4.005,3.952,5.909,8.632,7.092,9.382,6.499,6.541
Plcg1,13.616,15.496,16.309,20.272,16.768,22.679,13.626,13.313
Rdh11,6.608,3.444,3.194,3.023,3.896,11.694,6.851,6.328
Cyp4f14,29.033,23.597,16.349,31.272,30.305,48.932,40.728,35.036
Cndp2,4.806,3.796,5.05,6.438,6.84,8.541,7.604,6.197
Lime1,22.8680203,19.87309645,16.72588832,31.34517766,35.07614213,38.68020305,22.91878173,23.29949239
Mtap,3.304,3.091,2.455,3.313,3.483,5.519,4.417,4.558
Isoc1,3.354,4.226,3.114,4.577,5.009,6.149,5.144,5.509
Bcs1l,8.410945751,7.138742199,4.791166587,8.578972636,7.758041287,10.3456553,10,8.972635622
Mina,5.606,5.244,4.891,7.644,6.391,9.592,7.93,8.443
D10Wsu102e,4.994708995,4.140589569,3.711262283,4.393046107,5.916855631,8.184429327,4.817838246,5.922902494
Ggct,3.034817253,3.117962931,2.385241642,2.189502858,3.793521566,5.144638836,4.52104625,3.947687511
Aspdh,161.0725552,149.3690852,99.49526814,127.8864353,144.4164038,209.7476341,191.5772871,190.851735
Mrpl13,3.955,4.344,3.972,4.461,5.745,6.465,5.295,5.328
Ccser2,8.61,7.631,7.625,11.015,10.575,12.325,9.787,9.115
Spsb3,13.13835771,13.05961755,8.758905137,10.51743532,10.56992876,20.79115111,14.77315336,16.96662917
Fam213a,3.604,2.935,1.916,2.456,2.621,7.779,5.847,4.361
Tti1,3.955,4.148,3.693,4.025,4.506,5.676,4.994,4.902
Slc52a2,5.900673401,12.51683502,8.737373737,14.55387205,15.10942761,20.12626263,15,10.21043771
Mrap,29.38961176,24.05162382,12.88162488,20.72252195,24.29070136,42.42251137,35.54532953,32.58859621
Setd8,5.907,5.831,5.649,7.658,7.738,9.382,9.109,8.394
Clec2d,439.6786534,420.862025,439.7118082,387.0313695,699.1787809,704.4656975,570.5610814,445.220607
Pofut1,3.254,3.248,3.154,3.618,4.237,5.019,4.316,4.656
Smco4,4.806,4.696,4.192,5.13,5.009,7.306,6.148,5.476
Cd81,32.487,31.11,21.339,29.877,34.524,40.523,36.462,38.085
Gpn1,4.105,3.913,3.114,4.04,4.434,5.571,5.295,5.23
Sirt4,6.710614525,5.946368715,4.996648045,6.397765363,8.464804469,8.690502793,8.636871508,7.070391061
Pomt1,5.506,5.322,3.433,4.418,9.659,9.907,9.36,9.329
Hpdl,2.815230961,2.684144819,1.991260924,2.084893883,3.807740325,6.235955056,3.133583021,4.194756554
Sec63,21.925,18.431,22.637,27.61,33.034,38.709,22.384,31.068
Mical3,6.958,8.453,8.544,10.899,12.352,17.896,11.669,12.771
Sugp2,7.409,7.122,5.33,7.411,7.935,8.987,8.005,8.181
Atp5g3,65.15976331,76.41420118,96.85207101,102.4970414,83.50295858,106.3550296,79.28994083,67.90532544
Mlh3,4.505,4.148,3.793,4.098,4.722,6.99,5.947,5.525
Vps37b,15.318,12.914,12.436,15.287,18.294,25.149,17.591,16.624
Rbm47,38.394,32.088,30.901,34.266,48.133,56.211,47.152,35.167
Pced1a,12.9359392,10.45168295,9.146579805,12.59066232,14.26927253,14.7795874,13.62432139,11.92616721
Fam118b,4.906,6.261,6.268,7.121,7.397,9.277,7.127,8.427
Ppp2r5b,6.262759302,6.24958841,4.995060915,8.014487982,7.892657228,8.653276259,7.726374712,6.559104379
Ugt1a9,6.057,5.048,17.966,14.43,29.749,43.15,15.358,5.328
Zfp870,10.562,12.914,6.308,8.675,13.196,16.503,16.487,14.099
Gm10638,8.450807636,7.18061674,5.859030837,6.938325991,6.196769457,10.22760646,9.030837004,8.546255507
6330407A03Rik,8.421052632,8.279978296,9.424850787,9.620184482,9.739555073,14.1182854,8.849701574,9.696147585
Mir23b,20.27027027,37.02702703,48.51351351,55,46.08108108,78.10810811,30.54054054,20
Mir320,18.29268293,9.512195122,2.43902439,5.365853659,10.97560976,19.26829268,12.19512195,11.95121951
Phyhd1,19.873,22.344,18.485,24.268,26.571,28.776,24.417,21.264
Zmynd8,18.571,18.509,14.293,13.079,14.578,23.257,21.406,18.641
Ddhd1,9.861,9.666,9.981,9.882,10.736,16.451,13.049,12.706
Mfhas1,12.464,15.105,10.759,15.04,17.774,22.837,18.118,15.509
Samd1,17.4965035,9.846153846,14.7972028,16.86713287,18.83916084,23.52447552,21.06293706,16.96503497
Tomm5,2.212389381,3.462389381,1.548672566,4.015486726,4.966814159,7.267699115,5.829646018,4.900442478
6430550D23Rik,4.539042821,3.153652393,3.823677582,3.808564232,5.516372796,6.619647355,6.070528967,5.450881612
6430550D23Rik,5.607949413,6.009033424,5.194218609,6.354110208,7.654923216,8.355916893,8.251129178,7.28635953
Kifc3,18.721,10.644,11.079,11.378,15.296,18.79,18.244,14.673
Pcgf2,7.776220509,5.850268629,6.527680448,6.500817566,7.61153936,8.778322822,8.236393366,7.161878066
Pcgf2,8.110129164,5.763652844,6.559030138,6.536369816,7.688647179,8.694765466,8.273283481,7.430319511
Fance,6.908,5.87,6.328,8.036,7.504,9.75,8.482,9.05
Madd,5.907,4.539,5.889,6.772,6.858,8.147,7.001,6.148
Stx2,9.01,7.983,8.025,9.329,10.431,9.855,12.221,10.214
Fasn,73.885,62.22,119.612,97.711,109.013,152.735,138.12,98.86
Pcgf2,8.381395349,5.783979328,6.623255814,6.684237726,7.738501292,8.691472868,7.885271318,7.3374677
Xiap,38.644,37.332,46.272,40.122,48.348,59.312,48.733,42.971
Il4i1,10.71768438,8.378271213,11.16177637,6.28072958,13.52498017,19.17129262,13.92942109,11.50674068
Hc,33.989,37.606,17.906,37.812,42.729,75.132,52.196,38.347
Msh3,4.605,6.026,5.809,6.089,6.355,7.095,6.876,6.263
Aldh1a1,37.093,29.858,55.594,63.257,105.943,70.586,165.774,71.858
Fam203a,5.836575875,5.3307393,2.33463035,7.062256809,6.284046693,11.75097276,8.793774319,6.050583658
Tmub1,2.604166667,1.015625,5.208333333,5.286458333,7.005208333,8.203125,7.838541667,6.822916667
Pus3,5.48272957,5.142375737,4.170176917,5.802864364,8.047177759,8.323504634,8.202190396,7.871946083
Eif3f,12.58683068,12.67185239,10.47214182,14.48444284,16.20658466,16.35311143,16.06910275,16.07452967
Tbc1d5,6.708,6.379,7.605,7.324,9.426,11.615,9.661,8.558
Rassf6,6.858,4.07,5.25,5.406,6.625,11.221,8.808,6.279
Akr1c14,15.167,13.54,27.168,16.13,25.978,34.294,28.808,16.378
Slc22a7,3.498718845,3.463778244,2.60423946,9.545772187,4.600512462,16.58979734,5.786163522,4.507337526
Pet112,4.856,5.165,4.332,5.26,6.032,6.833,6.349,5.591
Akr1d1,27.582,22.892,28.326,33.452,64.794,53.137,65.747,40.151
Glt25d1,8.259,8.257,7.865,12.119,15.296,15.557,10.841,13.05
Insig1,108.1984384,79.29346791,145.9036374,117.5052371,151.8053704,220.1028376,166.4997143,175.8122262
Lacc1,4.555,3.718,3.893,3.589,6.068,6.097,5.069,5.05
BC048403,4.856,3.952,4.052,5.115,4.56,7.779,5.345,6.673
Xkr6,7.659,5.518,7.266,5.813,7.433,9.04,8.507,7.378
Crybg3,3.604,3.365,2.934,4.897,5.871,10.958,5.571,5.755
Lrrc58,33.989,30.64,38.087,47.054,41.472,64.174,56.739,55.25
Tppp,2.803,2.426,2.515,5.667,3.465,6.701,4.442,2.541
Gm5512,10.512,9.627,9.362,14.154,12.621,15.452,12.798,12.591
Neat1,3692.005098,3024.51147,3690.994053,3725.531011,4210.416313,5079.677145,3845.395072,4149.379779
4732471J01Rik,3.804,2.426,2.795,5.871,6.122,6.727,5.32,6.066
Mir30a,56.33802817,55.07042254,90,57.32394366,90.98591549,100,134.3661972,83.09859155
Mir137,20.54794521,16.02739726,19.17808219,11.91780822,22.19178082,28.76712329,24.10958904,20.2739726
Zfp661,4.97550049,4.327313454,4.41551169,5.574688506,6.232675346,5.99748005,6.710065799,6.266274675
Acp2,19.28812452,17.2515511,17.29617938,17.273321,21.47708719,24.31370415,28.29868292,21.32578644
Dvl2,5.952699091,3.503474078,5.068145377,6.834580438,6.068947087,7.620256547,8.985836451,6.900053447
Ror1,8.009,7.944,7.985,5.929,9.91,10.485,11.945,8.099
Trmu,6.307,5.635,4.631,6.685,7.11,6.99,7.528,7.099
Zfp661,4.974107768,4.326102169,4.414275717,5.573128062,6.230930721,5.99580126,6.708187544,6.264520644
Sec14l2,78.19,73.725,58.848,80.171,132.765,98.1,139.475,114.222
Ankrd46,12.715,12.366,8.643,13.108,15.314,16.976,17.29,14.067
Slc35d2,22.175,23.244,17.726,12.555,20.233,19.578,32.698,24.543
Mreg,8.61,6.535,3.713,5.929,11.364,13.823,15.157,12.017
Prdm10,4.205,4.422,3.673,2.79,3.842,3.968,5.37,4.689
Fam89a,5.292578248,6.594786978,3.009525803,1.627760913,2.649429499,3.548623469,7.880247043,5.388883073
Neurl2,18.47750865,6.320645905,4.832756632,2.848904268,2.272202999,4.844290657,19.97693195,10.58823529
Alas2,8.009,6.692,5.25,4.287,7.828,5.44,11.318,10.181
Aqp8,31.43665768,12.02425876,4.520215633,4.307277628,7.452830189,32.44204852,42.07277628,26.02695418
Echdc1,6.608,5.752,5.509,6.045,6.858,7.174,8.758,8.394
Sco2,68.73626374,60.21978022,27.41758242,16.75824176,42.41758242,69.28571429,108.9010989,100
Stat5b,26.831,26.179,21.758,15.738,21.939,20.419,30.816,28.363
Htatip2,30.885,23.244,16.129,14.183,18.438,22.758,31.468,29.806
Orc3,4.705,5.048,4.332,5.333,5.996,5.86,7.102,6.968
Slc44a1,7.308,4.5,4.911,4.737,7.433,8.409,11.042,8.165
Acox2,86.499,91.178,54.177,33.016,65.207,68.247,117.091,95.27
Gcat,15.75585007,11.87202319,14.81983848,13.7823566,15.1874094,16.24456409,21.79954442,15.7020087
Kdm4a,11.864,12.64,8.663,8.661,13.178,13.691,13.927,12.968
Nr1h3,31.5625,32.97040636,27.09032686,33.47283569,36.45759717,42.91850707,46.91364841,36.58789753
Dlg3,5.206,5.244,4.052,3.284,4.919,4.704,5.972,5.361
Pet100,13.15328467,14.27737226,9.620437956,11.03649635,13.89781022,16.49635036,16.84671533,15.5620438
Llgl2,13.816,11.661,7.246,8.675,9.479,10.985,15.057,13.854
Abca2,7.559,5.948,5.749,3.589,7.81,10.407,12.873,7.591
Cry1,4.956,2.661,4.811,4.795,15.996,12.561,21.23,18.428
Hmgcr,44.101,39.25,45.134,41.386,48.061,91.609,98.094,57.021
Nipsnap1,22.426,23.871,19.064,21.507,24.56,31.482,33.903,29.363
Cnih1,5.456,6.887,7.146,8.239,8.51,8.278,8.708,8.148
Cyp8b1,248.4923077,263.0871795,184.774359,102.6923077,187.5435897,234.2205128,426.0923077,302.8410256
Nr2f6,62.20774769,66.53925266,49.78573877,68.37504285,67.33287624,68.78299623,76.73637299,72.72883099
Fpgs,78.79899655,89.98745688,47.48928609,48.81885649,71.02853559,72.4072332,110.3240305,99.90697188
Gnmt,680.539281,732.8828229,614.5406125,446.8841545,607.8095872,704.747004,788.9214381,786.770972
Gstm3,17.84133372,6.412762288,4.360448405,1.379706812,5.107789595,4.834722621,24.3087094,21.67864329
Lasp1,17.921,19.449,9.242,9.94,14.865,15.321,22.434,19.838
Sigmar1,67.31051345,67.45721271,47.34718826,38.54523227,40.15892421,70.03667482,88.04400978,72.34718826
Rorc,10.412,10.605,25.99,63.344,67.917,93.186,96.915,23.69
Cd4,4.956,3.874,2.914,1.904,2.406,3.101,7.353,3.902
Nr1h3,31.73593315,33.1810585,27.15654596,33.5810585,36.66629526,43.10083565,47.22451253,36.75320334
Galt,23.78537106,22.35451148,15.02936466,16.05979712,15.71809931,21.18526428,32.15696743,25.91030432
Cldn1,20.624,13.344,3.992,3.444,12.37,15.032,31.97,22.297
Stx7,8.71,7.944,6.208,6.089,7.774,9.171,9.812,8.509
Magix,4.056380824,4.689399055,3.504388926,2.771775827,3.848750844,4.392302498,6.058406482,5.64652262
Wwox,4.105,3.639,2.835,3.647,4.381,4.625,5.696,5.328
Zfp109,4.36186571,4.161968221,3.478985136,3.72373142,4.761660687,5.994361866,6.463352127,5.272936955
Abcb11,75.537,41.284,16.449,14.982,37.181,72.741,83.815,61.792
Ackr2,9.561,6.966,4.332,2.456,6.284,5.808,12.748,10.706
Aadac,56.34379906,44.84458399,49.79434851,39.87598116,53.69073783,53.09419152,100.3783359,58.47566719
Cml5,7.413105413,3.122507123,7.618233618,13.4985755,19.12820513,24.41025641,26.30769231,6.820512821
Zfp593,13.98601399,13.67132867,9.755244755,8.636363636,11.92307692,13.77622378,18.42657343,17.76223776
Qdpr,35.791,33.849,31.959,34.28,39.731,46.094,56.889,53.709
Zfand1,5.944789215,5.526428419,5.424780655,4.306655254,5.494329125,5.511448748,7.088594051,5.665525358
Cyb5b,48.556,52.515,39.664,52.808,57.828,72.662,84.066,73.973
Rnf141,8.059,10.448,7.845,5.028,7.433,7.779,12.848,10.804
Dph7,3.706077348,3.632044199,3.286187845,3.773480663,4.125966851,4.093922652,5.213259669,4.402209945
Rab32,14.316,12.092,9.382,8.69,11.831,11.116,17.792,15.395
Bphl,32.838,29.545,19.243,17.206,23.842,19.604,36.211,33.429
Ints1,6.057,5.518,4.192,5.464,6.212,6.412,6.725,5.738
Nabp2,12.11965011,11.36988441,10.04061231,12.59762574,12.50702905,13.09434552,15.75757576,14.92970947
Mettl18,5.016722408,2.608695652,2.006688963,3.879598662,6.02006689,6.153846154,6.722408027,6.588628763
2210016F16Rik,8.814465409,7.383647799,4.959119497,6.946540881,7.339622642,7.933962264,10.10062893,8.455974843
Tmem242,8.109,7.905,5.629,7.527,8.187,8.383,9.36,8.345
Acsl5,21.775,11.348,12.796,20.373,19.3,29.906,34.078,24.74
Mad2l2,12.33239788,7.686311194,4.231368881,3.807296539,7.390084191,5.818521983,14.24072342,12.06423449
1700030K09Rik,4.806,4.461,4.152,5.101,5.619,6.018,6.324,6.164
Immp1l,8.81,8.531,6.727,5.9,8.007,6.754,10.59,9.394
Tm7sf2,25.77227723,30.22112211,24.24422442,24.02640264,31.81848185,41.54455446,43.64686469,33.00660066
Snx24,11.914,11.387,10.739,8.298,10.413,10.958,13.426,11.886
Dtd2,5.50964975,5.258041458,4.823445318,5.422444603,7.083631165,7.02501787,7.641172266,6.468906362
Gatc,5.581081081,6.015202703,5.900337838,7.094594595,7.035472973,8.788851351,9.326013514,8.336148649
Slc35e3,10.913,12.757,12.316,13.863,14.04,15.084,19.122,16.969
BC004004,22.226,19.644,10.44,12.962,14.758,16.976,26.249,22.772
Acox2,86.8,90.826,54.256,32.929,64.847,68.326,116.89,94.565
Mrpl3,6.708,8.453,6.567,9.126,9.695,9.487,10.239,9.935
Steap3,6.958,6.065,5.01,4.185,5.242,7.91,8.959,6.509
Bco2,7.459,6.848,5.45,3.531,4.919,5.519,8.156,5.705
Ces1e,7.058,5.635,3.813,6.67,6.858,7.857,16.788,7.82
Slc44a1,7.308,4.5,4.911,4.737,7.433,8.409,11.042,8.165
Sardh,35.491,44.611,57.73,61.019,62.891,60.337,63.389,37.577
Stab2,13.065,10.253,9.123,8.21,10,9.855,14.605,11.05
Commd1,12.164,11.583,9.402,8.167,11.059,11.011,16.086,12.001
Thyn1,3.715093673,5.809473312,3.211382114,4.211735596,5.616825733,6.17709438,7.051961824,6.085189113
Cald1,24.228,22.736,21.04,15.607,19.174,23.888,28.833,24.117
Slc45a3,41.047,34.945,9.162,7.789,38.6,39.209,60.478,56.759
Zfp418,4.555,4.461,2.894,3.255,4.273,3.653,5.295,4.705
Leap2,134.0481172,123.2112971,81.85146444,55.48117155,93.71338912,91.80962343,255.4079498,246.2656904
Ctdsp1,101.9662769,92.27087299,72.69241229,68.56948599,51.99891216,70.39706282,103.8727223,72.8555888
Acat3,74.636,68.286,38.746,30.139,55.727,39.76,92.523,68.579
Lcor,19.60948054,18.40599288,16.96426378,15.00798232,20.72454869,23.7197593,24.00712268,19.83175734
Kdm4a,11.864,12.64,8.663,8.661,13.178,13.691,13.927,12.968
Dtx4,3.704,2.857,1.258,1.017,2.926,3.127,6.123,3.804
Lgalsl,6.350364964,4.421272158,1.83872089,1.338199513,3.651372958,5.526590198,12.86583246,8.262078554
Ralgps1,4.605,2.974,3.034,2.122,3.519,3.39,5.822,4.984
Lrfn3,35.69499905,26.63814413,4.061608671,5.084616847,12.22095455,21.63719338,38.6993725,35.00855676
A230050P20Rik,107.0512821,101.0856519,58.97163121,49.47081288,70.52100382,94.19258047,122.1167485,104.5117294
Tmem220,13.3062721,12.96320545,11.91960194,11.2832264,12.50621972,11.76770983,17.25153856,13.33115098
Tmem60,4.139784946,4.532671629,4.375516956,3.664185277,4.82630273,5.653432589,6.124896609,5.219189413
Gmpr2,5.873367279,4.850564534,4.640247952,5.727252601,7.870267877,7.622315696,8.000885544,7.22382112
Gm4956,12.915,10.996,7.486,8.85,30,21.759,35.86,21.739
F630028O10Rik,5.247524752,4.560279557,4.071054164,4.991263832,6.272568433,4.746651136,7.600465929,7.163657542
Magix,3.948406178,4.564574433,3.41110746,2.770292475,3.775879067,4.318107131,5.938218863,5.603023332
Gfod1,5.807,4.031,4.292,3.241,5.781,6.018,7.252,6.558
Tomm40l,7.013274336,7.359882006,5.593657817,6.965339233,7.547935103,8.333333333,13.41814159,10.33554572
Net1,31.14685004,29.29680568,16.472937,20.29170364,31.99977817,27.92258208,40.60891748,38.04125998
Tmpo,10.562,11.348,9.881,10.637,14.327,14.059,15.634,14.477
Tmpo,10.562,11.348,9.881,10.637,14.327,14.059,15.634,14.477
Glo1,43.4,40.971,26.769,29.601,56.212,32.113,85.823,65.989
Fancf,40.30787448,38.22972173,25.64831261,36.65482534,35.07992895,41.69923031,45.76080521,43.0017762
Fbxl5,4.255,3.913,3.493,3.865,4.811,4.914,5.32,5.115
Adck3,26.731,19.214,7.346,9.983,54.686,38.184,68.056,48.364
Pfkm,4.355,3.757,2.395,3.924,4.004,4.441,5.27,4.787
Mapk9,7.158,7.944,6.408,6.423,8.115,7.542,10.665,10.394
Mrps2,29.71223022,30.97122302,18.30935252,30.44964029,40.35971223,44.66726619,53.93884892,48.50719424
Atf5,18.071,12.444,8.065,11.974,20,22.705,21.205,26.51
Mical2,5.006,3.718,3.034,3.386,5.961,5.046,9.436,10.034
Gm3336,3.110367893,1.495461061,0.191113235,0.692785475,2.403248925,3.516483516,5.63306259,2.742474916
Sall2,7.635843661,6.218620909,5.265332062,5.678423896,6.047028916,7.934540833,8.690816651,6.564982523
Dhx30,3.454,4.265,3.733,3.822,4.47,4.599,6.048,6.017
Birc3,33.388,34.632,27.088,28.322,29.749,33.795,41.732,35.56
Dhcr7,16.419,19.918,11.019,13.878,11.885,21.286,24.116,21.133
S1pr1,33.20625238,27.30080061,19.48150972,17.22836447,38.33015631,34.6664125,46.49637819,36.7518109
Fxn,5.056,4.344,3.314,3.982,6.05,5.939,6.976,7.869
Pigr,30.335,34.788,13.394,13.456,26.23,31.272,53.552,44.381
Tjp2,6.207,5.009,3.992,4.156,6.05,6.438,6.851,6.115
Top3b,13.315,12.209,8.384,11.218,13.106,11.904,15.709,15.395
Wiz,4.505,3.17,2.515,3.168,3.268,3.469,5.27,4.295
Med24,5.456,5.792,3.593,4.229,7.576,7.253,8.356,8.329
Sh3bp5,20.774,19.683,15.67,14.575,28.564,22.626,35.76,24.69
Clcn6,4.655,2.504,1.896,2.281,2.065,4.809,5.42,4.148
Hebp1,39.796,43.202,33.237,34.745,40.323,40.365,60.653,48.889
Bhmt,92.857,79.556,51.162,67.921,322.298,253.069,718.203,436.936
Arl10,9.7303207,8.175413022,5.818756074,8.719630709,9.378036929,9.385325559,11.8877551,9.837220603
Pnkd,10.512,14.753,3.573,6.336,16.733,13.534,36.939,32.527
C1d,8.012344387,7.859608746,6.703630087,6.735014123,8.695470237,7.917146145,10.23851867,9.398472644
Dnajc4,6.147332769,5.300592718,4.309906859,4.428450466,4.940728196,6.342082981,6.905165114,5.482641829
Kras,11.213,9.822,11.278,8.632,11.077,13.14,14.555,14.247
Pvrl1,34.59,40.932,27.148,32.609,44.147,46.987,64.242,52.463
Adck3,26.931,21.405,7.605,10.783,55.027,37.763,71.519,53.824
Hdhd3,17.89014821,18.42197036,13.7489102,17.22755013,19.72101133,20.84568439,30.6277245,21.72624237
Haao,123.442,111.448,89.03,99.876,88.456,145.981,162.687,140.962
Cks2,25.53191489,24.40687846,21.17749927,22.53278927,27.57505101,27.49635675,32.18303702,33.11570971
Mrpl35,4.500455166,5.744196632,4.929449249,5.142239417,5.761265362,5.861401912,6.882111971,6.007055075
Mrps15,6.589499168,5.447117567,4.560447874,5.277651687,6.165834468,6.123467998,7.327886216,6.598577697
Ormdl3,27.3582996,21.48785425,15.45546559,19.78238866,24.75961538,24.67105263,27.6847166,25.88562753
Spryd7,7.158,5.948,5.15,6.394,6.589,8.514,8.181,8.689
Echdc1,6.808,5.948,5.669,5.856,7.145,7.621,9.034,8.476
Acbd4,18.8768797,19.26221805,15.17269737,16.38862782,18.39168233,19.35737782,26.03148496,19.97297932
Ergic1,11.363,14.009,9.821,13.093,21.706,22.915,22.961,25.199
Alkbh8,4.705,5.596,4.032,4.418,5.996,5.703,6.474,6.591
Ppil1,7.358,7.357,5.17,5.508,7.056,8.935,11.016,10.312
Chst13,9.161,11.505,8.404,11.277,12.262,13.008,18.971,19.903
2310067B10Rik,4.055,3.991,3.314,3.72,4.327,3.81,5.37,4.984
Wdr89,4.906,6.613,3.913,4.287,4.74,5.887,7.277,7.099
Mterfd3,4.174374526,3.144806672,2.6641395,2.071266111,7.13267627,4.542835481,13.27975739,10.91281274
Trappc8,11.013,11.583,8.983,9.417,10.539,12.772,13.601,12.722
Tmem101,6.184846857,4.836109618,3.86351424,4.06233208,5.206878023,6.356797421,8.629768941,7.135948415
Cutal,16.519,15.144,12.037,12.366,13.232,16.766,22.56,17.428
Nup62,18.071,12.444,8.085,11.945,20.018,22.653,21.18,26.281
Dhx30,3.254,3.835,3.174,3.56,4.291,4.31,5.847,5.541
Qprt,39.545,44.454,26.509,43.828,44.237,53.61,64.217,61.415
Kptn,4.437156533,4.786385393,2.937422443,3.658925722,4.297110441,4.938840631,5.382024464,4.766885304
Pigt,8.78318332,8.426569443,5.708100718,7.847783981,9.736812123,9.192206904,10.32129429,12.14196195
Ncoa5,8.96,9.431,7.586,8.835,10.7,10.407,12.924,12.64
Mypop,5.227646092,3.811311899,2.436047876,2.676601737,3.875850739,4.163341939,5.801455057,3.962684816
Tspan33,4.255,3.209,2.336,3.095,3.591,4.441,3.965,5.132
Catsper2,6.307,4.344,3.873,5.711,6.086,8.12,6.525,9.279
Nat10,16.319,10.996,8.404,8.995,11.041,10.827,17.165,15.018
Slc36a1,5.606,6.887,3.713,3.909,5.153,7.148,9.812,6.312
Zfp128,6.007,5.713,3.553,4.49,8.079,6.412,9.26,7.066
Aldh5a1,6.808,6.418,6.088,5.682,8.743,8.015,11.267,9.624
Slc26a1,110.9893651,121.4437641,100.2288108,101.2020625,107.4991943,112.5523687,164.5729939,119.8839832
Hist1h2af,22.92620865,17.91348601,17.78625954,22.54452926,19.6437659,24.73282443,24.27480916,28.37150127
Trappc8,11.013,11.583,8.983,9.417,10.539,12.772,13.601,12.722
Mical2,5.006,3.718,3.034,3.386,5.961,5.046,9.436,10.034
Ppp1r3b,223.757,237.689,113.663,129.274,245.494,315.613,486.405,515.86
Hist1h4a,75.41666667,84.03846154,56.95512821,62.40384615,64.45512821,77.5,135.9294872,127.1794872
Fbxl5,4.255,3.913,3.493,3.865,4.811,4.914,5.32,5.115
Gadd45gip1,23.33888426,20.84929226,13.1307244,21.89841799,22.27310575,24.28809326,22.77268943,27.98501249
C030039L03Rik,3.804,3.209,2.415,2.761,4.363,4.415,5.646,4.672
1810024B03Rik,4.856,4.344,3.314,3.662,5.835,5.676,6.148,6.148
Zbtb26,10.62206835,10.96939915,8.02546348,10.03015412,10.70694662,11.03529149,13.98481126,12.46928747
A930005H10Rik,10.77768014,11.26098418,8.508347979,9.512302285,11.59490334,12.64279438,13.67091388,13.72144112
A930005H10Rik,10.27672395,11.43941085,8.375362642,9.43762553,11.53983486,12.60879268,13.38540504,13.5728632
G630025P09Rik,6.756756757,6.351351351,3.243243243,6.297297297,4.864864865,9.243243243,11.54054054,9.297297297
Wiz,4.255,3.091,2.475,3.139,3.178,3.259,5.245,4.312
AI463170,14.69601677,14.360587,6.278825996,9.444444444,12.61006289,17.90356394,21.04821803,14.77987421
Chka,39.395,13.696,5.789,5.842,14.452,17.738,23.513,42.02
Clpx,84.247,36.745,18.325,24.486,57.576,49.615,119.625,139.88
Chka,39.395,13.696,5.789,5.842,14.452,17.738,23.513,42.02
Tjp3,7.158,7.396,3.334,3.023,8.097,9.461,15.032,15.263
Sumo3,17.32,14.753,10.101,10.347,16.212,13.324,18.043,21.182
Pcbd1,46.75594242,40.08704386,36.62202879,37.89755608,41.41278875,41.8781386,52.08905256,58.23568798
Ankrd39,7.193057334,6.569924598,3.891022905,4.073125622,6.487409304,7.663963579,9.139280125,10.07682458
Leprotl1,6.497600349,5.164703316,3.462041885,4.042321117,5.659904014,5.073080279,7.034249564,7.260034904
Tars,44.851,26.453,16.409,27.16,34.955,39.366,40.176,45.004
Apof,132.3870968,148.9677419,88.83870968,109.6774194,125.0967742,139.0322581,210.4516129,240.1290323
Elovl5,46.754,20.31,16.968,18.208,27.343,31.903,45.672,71.153
Dph1,13.415,15.027,9.262,13.326,13.77,16.057,16.663,18.313
Dpp9,26.13,18.705,9.801,15.622,18.923,19.026,19.724,31.642
4932438A13Rik,12.114,9.274,7.486,7.629,9.803,8.094,12.924,13.542
Szt2,5.056,5.165,3.294,4.258,4.901,5.781,6.675,6.689
AI413582,8.177641654,8.187850944,5.502807555,6.008167432,3.848902501,4.558448188,6.151097499,8.366513527
Fam222a,17.62,19.018,6.607,5.973,7.217,9.671,21.205,29.74
Odf3b,42.13178295,25.13289037,11.49501661,10.29900332,14.81173865,26.33997785,38.76522702,43.21151717
Lamp2,71.882,70.203,47.37,45.063,71.526,66.802,78.621,83.056
Slc30a10,25.079,16.827,8.783,5.013,14.345,17.738,31.895,37.462
Zfp748,6.157,5.518,4.971,5.885,6.679,5.992,7.077,7.492
Mon1b,11.00869107,10.35817751,6.808006321,7.960231762,10.26073216,10.27785093,12.32552015,12.43481696
Pfdn4,4.884437596,5.69423044,2.73412087,4.228727958,4.64132854,4.858757062,5.112138332,5.978428351
Cdkn1a,39.20770324,32.11709965,4.231614321,3.568566628,11.41656973,5.944164405,47.97078971,76.15742536
Ptprj,17.12,14.557,15.171,17.976,17.307,22.416,20.05,23.51
Spg20,15.818,16.162,9.921,8.269,13.393,9.934,17.441,19.018
Spg20,15.818,16.24,9.881,8.269,13.357,9.96,17.416,19.149
Ppm1b,28.383,23.323,24.872,22.364,31.724,27.725,35.91,36.298
Ppm1b,28.583,23.362,25.232,22.946,33.734,27.698,35.985,37.331
Mtx1,10.30414747,9.496159754,8.21812596,10.75883257,12.19047619,10.98003072,12.41167435,13.60061444
Srr,39.896,37.606,37.448,39.628,46.266,46.724,52.472,58.037
Med23,6.407,7.944,4.751,5.086,6.373,6.386,7.93,8.033
G630090E17Rik,11.113,10.84,8.544,7.556,8.582,7.358,12.296,12.968
Slc45a3,34.189,31.971,5.969,7.469,29.192,31.877,50.189,56.414
Fam198a,8.209,7.474,4.172,1.918,5.583,4.809,8.783,11.788
Arntl,23.477,10.292,0.958,1.395,6.499,12.456,20.201,25.1
Cdkn1a,16.37850939,11.61785498,1.250252474,1.145223187,5.657442941,1.96323975,30.00605938,56.12805494
Elovl3,505.311804,418.3407572,52.68374165,27.42761693,102.5612472,69.35412027,871.3195991,1074.420935
Clock,15.167,14.988,6.927,6.917,10.934,14.138,15.885,18.51
Cstb,33.06195597,27.64976959,25.14592934,19.19610855,21.04966718,23.68151562,24.54173067,35.17153098
Sgpl1,15.368,14.714,11.618,11.262,18.51,12.535,24.542,25.051
Dusp2,4.566210046,3.561643836,3.652968037,3.333333333,1.643835616,2.420091324,3.424657534,5.98173516
Il18bp,27.8313253,19.58294717,27.1918443,15.89434662,27.28452271,23.38276182,29.76830399,31.14921223
Itga5,16.219,14.635,9.282,9.635,14.237,10.617,22.911,23.33
Lamp2,71.882,70.203,47.37,45.063,71.526,66.802,78.621,83.056
Ppm1b,28.383,23.323,24.872,22.364,31.724,27.725,35.91,36.298
Orc5,4.806,5.752,4.531,5.871,6.661,6.754,6.851,7.722
Grk5,5.006,3.678,2.835,3.822,3.465,4.415,5.119,5.476
B3gat3,23.04500413,19.14533443,13.02229562,15.45004129,18.16061107,19.96490504,23.10487201,25.58629232
Stx1b,12.715,10.487,3.613,4.214,2.765,5.23,9.109,13.165
Pithd1,9.603857721,10.63258322,7.534999481,7.881364721,8.247433371,8.82920253,10.87732034,11.35746137
Ppdpf,46.5232358,44.44922547,26.28227194,32.39242685,30.59380379,40.93803787,49.24268503,63.91566265
Tmem179b,98.52004111,89.48612539,75.6012333,85.8016444,60.51901336,70.49331963,75.56526208,98.82322713
Ahctf1,14.166,14.166,13.155,19.356,19.318,19.736,22.359,23.707
Mocos,21.475,16.866,11.997,14.75,15.171,16.95,18.545,22.116
Esam,9.973271777,9.651318187,7.106062447,7.432875714,6.804762483,6.799902806,7.53006925,10.45680962
Sdr9c7,26.881,27.119,16.788,13.282,19.838,24.992,35.785,37.446
1300002K09Rik,38.194,24.692,7.106,10.492,16.212,34.452,28.156,38.724
Lonrf3,7.559,2.622,1.976,4.534,7.882,10.512,9.887,10.591
Rnf121,6.207,7.592,5.49,7.6,8.043,8.225,8.457,8.656
Lnx2,23.627,21.992,16.349,12.439,19.874,16.057,20.226,32.625
Pcca,7.709,8.726,5.989,5.275,8.6,9.119,9.862,11.985
Aldh16a1,12.815,15.183,9.382,10.1,10.969,11.142,16.311,16.985
Tmie,19.773,21.679,9.562,10.172,14.506,13.376,30.665,30.773
Nrn1,35.84419388,33.98008493,29.1433592,24.06648118,30.86396251,17.43154195,45.30824425,49.81549275
Megf9,15.568,13.344,11.997,7.237,15.314,8.541,18.595,19.985
Mon1b,11.18954071,10.55006097,6.97737434,8.032786885,10.50806124,10.50264192,12.57959626,12.63920878
Hspbap1,4.555,4.97,3.773,3.153,4.47,4.993,6.449,7.279
Hist1h4d,1503.333333,1511.346154,1139.487179,1346.50641,979.3910256,986.3141026,1480.737179,1532.275641
Ppm1f,6.858,6.848,5.29,5.624,5.961,6.727,8.08,8.525
Fam198a,8.209,7.513,4.172,1.976,5.601,4.757,8.683,11.952
Lcmt2,43.75977257,39.21819474,30.22032694,32.11798152,28.45771144,21.108742,36.56005686,47.54086709
Ptrh1,4.235758601,3.310772702,3.716864072,5.160744501,5.267907501,6.672306825,5.803722504,8.0428652
Psmd11,34.59,31.501,24.912,26.288,27.81,30.352,36.111,38.921
Pik3c2g,9.361,6.731,5.849,5.435,8.618,9.014,9.36,11.017
A930005H10Rik,44.75847893,42.63103803,32.82631038,38.23227133,34.87153135,37.54367934,49.51695786,53.75128469
D930048N14Rik,24.35067682,24.41624365,14.52411168,10.20516074,19.6319797,19.78637902,30.20093063,31.76395939
3930402G23Rik,4.682422452,3.082225505,1.373707533,0.787789266,0.177252585,0.645002462,1.482028557,6.863613983
1110054M08Rik,58.24545455,69.01818182,56.8,45.70909091,56.8,54.94545455,57.49090909,83.01818182
Gm2061,4.965132497,3.517743685,1.825507516,1.734077173,3.060591973,3.379823338,6.53339532,6.834030683
5033403H07Rik,106.072,76.386,35.951,37.521,60.359,91.636,108.282,121.895
Gm15401,10.45863768,4.985561406,1.289281468,0.864616953,1.798878886,7.677934432,9.463224053,11.11092237
Gm15401,10.27682737,4.869362364,1.241057543,0.858475894,1.702954899,7.398133748,9.132192846,11.06531882
1810012K16Rik,214.3628014,192.7439724,174.6383467,138.6452354,127.5889782,154.7761194,207.7267509,215.5223881
4930599N23Rik,6.207,6.144,4.911,4.607,4.991,5.887,6.625,7.722
Agxt2,15.217,20.388,10.161,6.161,9.372,12.115,18.771,21.887
Pnrc1,126.5201465,73.96336996,120.5054945,53.76556777,73.26007326,79.31868132,105.1575092,160.2271062
Kif21b,12.114,7.318,8.244,6.22,6.427,9.066,9.988,9.427
Arl4a,68.11642566,35.11308862,25.46162403,23.81535039,35.74712644,25.62476826,41.21987393,64.92398962
Hsd3b7,384.0284757,319.2211055,228.3752094,174.6482412,222.3869347,328.1574539,358.3417085,336.959799
Syne1,6.157,4.148,3.054,1.86,3.142,3.942,5.772,4.492
Lgals9,68.128,58.346,29.005,29.136,43.142,52.243,59.825,66.841
Klhdc7b,69.38393839,45.4180418,11.96919692,4.873487349,16.98569857,29.34543454,63.91089109,36.97469747
Mthfr,18.822,8.922,3.094,3.677,6.715,7.884,18.193,20.477
Ly6e,52.44091711,40.16578483,26.26455026,17.8377425,24.50793651,35.13227513,41.33686067,34.29276896
Ly6e,52.07355517,40.02451839,26.15061296,17.81436077,24.39929947,34.97723292,41.04728546,34.22416813
Ly6e,52.91785714,40.52857143,26.30714286,17.64642857,24.62142857,35.28928571,41.675,33.90357143
Ablim3,37.143,36.667,11.039,19.516,22.891,30.037,33.702,49.742
Filip1l,7.308,6.261,6.388,4.766,5.53,4.94,6.951,7.345
Myo7a,20.774,17.492,12.596,9.635,10.126,16.267,18.871,15.526
Arl4a,77.2674976,39.76989453,28.51869607,24.79865772,39.33365292,29.22818792,45.83413231,69.16107383
Ccng2,24.88211443,13.28127346,6.864394053,6.458927767,15.63748311,11.44466136,17.82549932,18.29253642
Gas2,13.766,10.644,9.402,5.42,6.194,6.57,14.68,15.591
Gstm2,8.786106033,3.575868373,1.020109689,0.851919561,1.510054845,2.402193784,7.890310786,7.853747715
Gstm6,14.83459683,9.303928325,5.916609235,2.953135768,3.094417643,7.787732598,11.84700207,12.03308063
Ppap2a,16.118,13.853,12.177,10.376,12.585,13.14,14.203,15.018
Itih1,70.381,59.637,34.354,27.552,58.223,57.972,69.662,64.956
Nudt1,7.603227337,5.849549122,2.937826293,2.724252492,2.769340294,4.053156146,6.015662079,6.264831514
Npas2,9.711,0.822,0.04,0.102,0.036,0.158,4.969,13.329
Pomc,4.640130862,4.266630316,2.993456925,4.198473282,2.006543075,3.726826609,5.199018539,5.856052345
Ppap2a,16.068,13.853,12.157,10.332,12.603,13.087,14.178,15.001
Anp32a,69.98,54.002,28.246,33.278,44.273,50.798,67.655,59.939
Gstm1,116.1385607,40.1396348,55.37325456,30.28195489,39.62943072,61.74543502,107.2099893,78.97959184
Mthfr,15.818,8.257,3.453,3.778,6.176,6.911,15.132,18.198
Avpr1a,17.27918782,11.65482234,5.133671743,2.016920474,3.888324873,5.692047377,16.9001692,14.31472081
Ppp1r3c,102.0668058,56.37091162,81.68058455,21.64231037,22.55045233,25.69241475,151.7536534,187.7905358
Nfil3,59.368,22.658,30.422,19.211,30.305,51.139,40.101,66.005
Rnf130,10.712,7.983,7.406,6.685,7.828,7.437,9.561,9.525
Rnf125,15.768,6.574,2.336,1.279,1.652,4.178,6.826,5.066
Micalcl,19.222,13.188,5.849,5.667,9.39,7.279,14.906,14.427
1700017B05Rik,30.11476202,25.05436096,16.90384151,13.81493114,15.85407103,26.57163566,20.64387533,36.10533945
Ocstamp,8.329371817,5.714770798,3.728353141,2.960950764,2.743633277,5.174872666,5.881154499,8.349745331
2010109A12Rik,6.261851927,3.631228566,2.255396409,2.60843252,3.005850313,3.286261852,3.64535001,6.251765181
Fam35a,13.866,12.992,9.162,9.765,11.185,11.589,12.723,14.559
Lcn12,9.85004686,7.338331771,3.552014995,3.81443299,3.870665417,6.654170572,9.409559513,7.835051546
Tymp,68.7962665,50.25426456,26.02188606,21.74766656,27.79530093,41.27454136,59.84872868,66.74927583
Cbs,83.796,68.833,46.811,27.232,38.743,39.445,70.114,104.861
Gckr,61.821,67.464,54.616,38.189,51.939,56.001,70.315,74.039
Hist1h2ad,43.30788804,25.8778626,34.52926209,17.76081425,28.32061069,22.72264631,42.13740458,50.48346056
Cbs,83.446,68.52,46.691,27.189,38.582,39.393,69.963,104.648
Tbc1d22b,4.906,4.539,2.755,3.139,3.537,4.441,4.141,5.033
Ablim3,37.043,36.236,11.039,19.443,22.873,29.985,33.702,49.561
Bach2os,5.917059,4.155063608,3.219473104,3.289592307,3.488931183,3.711309226,4.649904838,4.614845237
1110020A21Rik,10.462,8.648,6.907,5.653,7.289,5.44,10.038,10.771
F730035M05Rik,10.41618497,8.504046243,9.047398844,5.174566474,3.819653179,9.479768786,9.514450867,13.15375723
