,A,B,C,D
2000-01-01,0.8734570145434009,0.5888293840000625,-0.847395812588931,0.27047018098888786
2000-01-02,2.397660188961874,1.780423568559858,0.4014887249634508,-0.4121724999668457
2000-01-03,0.7820803265928442,0.9407410735350445,0.061359976684169426,1.620386195043559
2000-01-04,1.4147269852469315,1.656018756877316,2.4894450868214326,2.3884812929982813
2000-01-05,0.603165937209675,2.3569879270413976,1.820429960343903,3.3857593447870675
2000-01-06,-0.13868217110724945,3.9891550559605173,1.0029314158778044,5.8982737790319
2000-01-07,-1.0977913195453,4.552288752556137,0.7346823349513496,6.028294761684529
2000-01-08,0.2898684768467008,4.011696403088058,-1.166992315089951,5.983932830295339
2000-01-09,0.2906138874570817,3.718623940195745,-2.3146331710495804,5.935123137021196
2000-01-10,-0.11558023384767785,4.673999212125916,-1.4233920807158023,6.722946294057927
2000-01-11,-0.2446279043567947,4.765041203485001,-1.389278021354415,5.372330372088384
2000-01-12,0.21552203025762062,3.645771855752707,-2.319290548908912,6.374861298075284
2000-01-13,-0.43503449782485426,3.3782630798686704,-1.4741865973134556,5.5737069331853455
2000-01-14,0.14279099034344966,3.4030738253308495,-3.1318311310322757,6.800320137986704
2000-01-15,-0.5165169459698494,3.5116709794652645,-2.7780451323732414,6.469996740097932
2000-01-16,1.245385580720487,4.367485641641976,-3.0884619366623167,8.00052190218814
2000-01-17,1.4636939819566777,5.466755512530099,-5.39702437903356,8.187837900263162
2000-01-18,1.5423825988025843,2.3740769185454673,-5.7748844660095395,8.026424500371713
2000-01-19,1.108838969533757,3.843850816524016,-6.957032816173033,8.863113189825496
2000-01-20,0.8172168058433762,4.264926849462085,-7.6310244353306835,9.443064432795486
2000-01-21,0.91015785493591,3.116934066995336,-6.163029104050396,7.6201226617008615
2000-01-22,1.5679976876899175,2.6807581505887415,-5.803786576781679,8.156751350877165
2000-01-23,3.0935099613905384,3.167045688530667,-5.623921729467933,7.522316039833477
2000-01-24,2.1614511917457984,1.8572146736648725,-5.651896941539534,7.6277482001724435
2000-01-25,2.621048644779148,1.728978638786593,-4.581875375416128,7.119638667286634
2000-01-26,3.666484765650827,2.8006025626765414,-3.7482346475886805,7.247359891429178
2000-01-27,3.5043477702660346,4.24292073651981,-4.808916762755086,7.745654723907791
2000-01-28,3.0704526438665685,3.2854374999343503,-3.0591041656292317,8.256232285826453
2000-01-29,3.576087540146837,3.9453593903925785,-4.491883846389909,7.951310585282606
2000-01-30,4.609063816030871,2.7882121716664052,-4.13992032847227,7.995687304976155
2000-01-31,5.3486389798832645,1.2855867974419075,-3.110472021375629,6.3156153985772345
2000-02-01,4.130460290330765,1.282982242556625,-2.8928119595049964,7.477625808101832
2000-02-02,5.36922305168423,2.4424027828203085,-2.7613381476833028,7.617997408608901
2000-02-03,6.215748855729745,1.7003934720207927,-3.692689066436131,7.692780280083206
2000-02-04,7.013706245028494,3.394394546195483,-4.8457876054166285,8.599010659646654
2000-02-05,7.1564350014864155,3.0748428306626874,-5.112636964524639,7.997581642174933
2000-02-06,6.957657965012517,2.887250971833409,-5.579385014679692,7.978756586201906
2000-02-07,6.346146467668848,2.4901579170564134,-4.951510009171276,6.209096551240347
2000-02-08,7.661847862105451,2.735210713152642,-5.077483112597358,3.8227260980142757
2000-02-09,8.520926459195639,2.564929363351783,-5.341616124292892,2.719088046971793
2000-02-10,9.168778726789025,2.5195262643233134,-5.20262955275568,2.0663250471669885
2000-02-11,8.382060868561883,2.4432029197800698,-4.443053425469144,1.0623252747210923
2000-02-12,8.084393256780668,3.016573701234078,-4.06256329675614,1.3494983061822743
2000-02-13,6.473458645255342,3.1846426221326793,-5.802450980413999,-0.11315724707027508
2000-02-14,7.0905340889011,1.594813901074723,-6.530819653830976,-0.6214570655050022
2000-02-15,7.114807376496343,2.2595189951566357,-6.442256695928899,-1.2046430501269496
2000-02-16,8.994462988973224,3.5480928157131704,-6.545919952164601,-1.3418561171461727
2000-02-17,9.426745915550004,3.497216257351946,-7.157621089554344,-1.2326167706987483
2000-02-18,8.707019914791628,2.77238583108243,-6.102707886924456,-0.31727162311392076
2000-02-19,7.992974225937633,3.1389487876883138,-4.192555967589904,0.45988712132968157
2000-02-20,7.374089436742167,3.071369081756053,-2.5021319152580057,0.8038220098514057
2000-02-21,6.365929815232999,2.796933904715385,-1.054720376606058,0.5081855107042281
2000-02-22,5.79605374581958,2.1248094209998087,-1.4274898789886845,2.0182563134940867
2000-02-23,6.51726194218984,2.5091825880034357,-0.5066580686770374,2.915424009549855
2000-02-24,6.086993923422238,2.0359044106037456,0.17612152135025816,3.5269506355737565
2000-02-25,7.947489294726484,2.340384037429026,-0.0758244907842553,3.7222766551202184
2000-02-26,7.878944763732455,3.4229307535412543,-0.885048794590442,5.063256205820659
2000-02-27,9.123826721158947,1.6987312484566073,-0.9014234462713009,3.566860088730935
2000-02-28,9.500437665659645,2.4598441180622506,-0.8127870447892928,2.286839860629259
2000-02-29,10.992975712336403,1.0532158171472683,-0.05202872053644969,3.1270871078002678
2000-03-01,8.764780729847795,2.019297922745176,1.4784309709780592,2.7627893694239964
2000-03-02,9.41528880982376,2.066102106044376,2.2387448988679903,1.5650575750609723
2000-03-03,7.244259670834097,2.0800252663891983,1.7527029076649323,2.494390292826279
2000-03-04,7.596146467666195,2.3175603848707604,1.7837381178935308,1.8464562932621909
2000-03-05,6.521808896824894,2.6168654840193444,1.2849961455020706,1.5418498377322207
2000-03-06,8.119293273438574,3.261568839381516,3.878772140481078,2.122031296335009
2000-03-07,8.708314077964324,3.491759209408748,3.113704032165354,4.374832946526208
2000-03-08,8.451238193832648,4.23660192147416,2.831584815200813,5.813224312170394
2000-03-09,6.4760600178942145,2.9838090510455424,2.785817043278193,7.693389688309715
2000-03-10,5.26150982059858,5.335261526304443,3.963568077592224,6.062982723965533
2000-03-11,4.6249098664304995,4.684301698499999,4.006736383830259,7.593067633576206
2000-03-12,6.323861434730798,4.974188144630095,5.6495174964171175,9.512189608773925
2000-03-13,5.441783059461383,4.251358396018755,5.36257934707613,9.21489347846306
2000-03-14,4.973344015230255,5.853853413677612,5.080937685036503,9.688762210636717
2000-03-15,4.199357938360474,5.49275903079512,5.0013829755279025,9.96883635442683
2000-03-16,5.744895303142053,5.486100599441746,4.369829246860963,7.525173347974486
2000-03-17,6.093141265296357,3.9255775571997997,4.983521470886291,7.349443122484887
2000-03-18,6.340091799125261,3.563435749120975,3.2797590841098696,7.331001983008606
2000-03-19,6.899031462254607,2.548038283534712,3.3130643556213206,5.57515352338542
2000-03-20,6.063464857683757,2.650855879081166,2.0231679338739808,5.697811788634889
2000-03-21,5.182515896989644,2.6272911525990703,0.8110249329442645,7.4791368207170805
2000-03-22,6.1645974300918285,1.0546040782398252,1.2270284914896306,7.035361494200652
2000-03-23,5.880820763422612,1.2000505118650542,-0.18926118467161546,7.7796709423949695
2000-03-24,4.178510635875565,1.7405916083047392,0.4283782529135929,8.440002866861441
2000-03-25,4.17254295894509,1.3771425220766123,1.9027159906138569,7.367594012896047
2000-03-26,3.921249602256185,1.6148100257191942,0.16790370029895385,7.226133118721908
2000-03-27,4.871989961999138,3.004203182750654,1.2771092299495823,6.8019521314937155
2000-03-28,4.315920481899607,4.277518843883995,1.5780288481610634,7.1318944856291315
2000-03-29,3.8674461197423136,4.313582230232575,1.190808003949771,7.446923401262881
2000-03-30,4.245277990735406,6.168821918696528,0.6084193084383163,6.779758699147177
2000-03-31,2.8733696464389693,5.164335379496523,1.4836156915059004,6.107221401382902
2000-04-01,2.711807401313622,6.238067772190874,1.7280439584055902,7.060492723622352
2000-04-02,1.9202421741852311,7.223348234198614,3.5340818769041262,8.704642570447804
2000-04-03,1.487071676350527,5.167723058523578,6.260789166750716,8.182050924363134
2000-04-04,1.5590855044342165,4.431280286926479,3.525004924138309,8.002644393933302
2000-04-05,0.715015345455234,5.560342148932824,5.025285140334711,6.906825660375459
2000-04-06,1.1302887184860728,5.271940849203859,5.81153851462355,5.2156415214882985
2000-04-07,1.3318487130006673,4.642669128203473,7.523075271033484,3.2568938864242556
2000-04-08,2.9257283747626364,5.132331209350614,7.687931966459621,2.5399677157889933
2000-04-09,3.2167498345210515,4.674241099637162,8.132619575776491,4.463548111470488
2000-04-10,5.720854709394032,3.9064414601349156,9.216365893372073,4.259537098392567
2000-04-11,5.354424893329731,4.470522054084963,9.914997351526305,4.565792367583371
2000-04-12,5.781615559171916,3.5074273491440633,10.481427772650443,4.392497750603875
2000-04-13,4.993272079758025,2.3979389579685493,10.91776463015747,4.0766030232145765
2000-04-14,4.892661175238781,2.499342939695214,11.307493209166187,4.298259096607513
2000-04-15,5.075561784472894,2.9889008764905225,11.133371357741163,4.99619818921017
2000-04-16,4.668422670694716,2.5614501956277835,11.418057492556525,5.570710010581957
2000-04-17,4.943385393148096,2.477508859722567,10.941025536020609,4.317066713248366
2000-04-18,5.799574200951309,2.772793105080595,10.90436178050468,4.053655184580758
2000-04-19,4.3882491093475124,2.8762477019445742,9.965831205681289,3.06360902027479
2000-04-20,4.389416293764881,4.119310904245043,9.592121037373223,3.8826136248572043
2000-04-21,3.9192142741877722,5.310041894460202,10.416637570318892,3.8691473666753544
2000-04-22,3.231137155959135,5.065723262734068,9.871100309124893,3.5789620527484454
2000-04-23,3.175773523413318,4.050623816020076,9.027728264335485,4.201837421043572
2000-04-24,2.4527521003521446,3.663489951767614,8.731106352369961,5.4116517651259874
2000-04-25,1.685137171424231,2.3637215539122938,10.327670096299208,5.201209456732842
2000-04-26,1.634836443404425,1.0935735896271601,9.319704151824219,5.542230464300522
2000-04-27,2.926889037230014,1.6011859842931324,11.067495505712108,6.6013241403963105
2000-04-28,3.9024643430818777,1.8503732090826672,10.332201698338434,5.023305208893973
2000-04-29,3.9385331385468234,0.8674094152476751,10.157392775125949,6.7505610679109544
2000-04-30,4.548751461170156,-0.32996758020558514,10.695593376190068,6.148394557220661
2000-05-01,5.191032221341622,-0.5284054299214367,9.0792956819594,5.743189071507956
2000-05-02,4.11699659849933,0.5210527070841668,8.417734656043466,5.902210903205554
2000-05-03,4.494001429342597,0.35516983238941163,8.661115479541941,4.46769706975532
2000-05-04,5.4904156466239495,0.632519473663995,9.740557757305993,5.537495996986934
2000-05-05,4.9641260470598585,0.11446781937300665,8.925536027107082,4.649235634768047
2000-05-06,5.294159465730082,0.9322418248120504,8.858935687757175,3.4690938556200592
2000-05-07,5.563450988965877,0.031313763988014554,9.756569095578959,3.3735840685100325
2000-05-08,5.4022461805651965,-0.8173581202536874,9.312395722522885,2.8165950981303114
2000-05-09,4.323180747704624,-1.1975419024418663,9.968190977572636,1.842410656667318
2000-05-10,5.856302187606067,0.13135648021306445,8.06616349986486,3.068207262177087
2000-05-11,7.058040088799009,0.6603997104219992,8.265359726909848,3.7691926132999627
2000-05-12,6.333640341984281,-0.2930584641595064,6.773232946939412,2.924154890387092
2000-05-13,6.16954497029344,-0.7156978639766516,7.090904643112109,3.5819353227988553
2000-05-14,3.905572080989582,0.9156640806196032,7.65132797627086,3.820584889608331
2000-05-15,3.052086373727077,0.7718789186273369,9.509014571310516,3.9275001966930483
2000-05-16,3.469131015327435,3.173346138671875,10.629944465342875,6.443156683762034
2000-05-17,4.948076185714064,4.58867531864583,11.704218294583166,5.449984440814079
2000-05-18,4.516213959735288,4.183682147117739,10.174411058906747,5.762800880960018
2000-05-19,4.336108071563798,3.004047831309326,8.959718415308723,5.41395634509731
2000-05-20,6.082367257704896,6.094052232368627,7.525848386361406,4.749336976773224
2000-05-21,4.944382259276519,7.6642614826159825,8.52797206824411,3.8730076786237544
2000-05-22,5.221604178269074,7.031068084638028,9.370672697743181,5.8103706669397575
2000-05-23,6.622794625467879,8.111814793214265,10.042161033456557,4.929136711654868
2000-05-24,6.282102336414239,6.311836250608536,9.16554404515801,5.825324033989432
2000-05-25,5.213792432813717,6.289913467090995,9.133088306937873,5.008244259057349
2000-05-26,3.942769462581281,5.320452945391473,9.487972922388545,5.199664894179997
2000-05-27,5.520450757239433,5.8195468488304325,7.754352225998683,5.6338570960811305
2000-05-28,4.853933101440818,5.272292580932653,7.609617615507431,4.884294565295259
2000-05-29,5.001477982851014,3.9405247500011655,7.611341744535774,4.680200996888102
2000-05-30,5.157037361067971,2.6374445106490683,8.305240339164207,6.548033687217233
2000-05-31,5.218160609301553,3.770235259715575,8.883432762148594,6.2291696098062825
2000-06-01,5.266484597411048,2.7203708848859236,10.792564311549382,5.337864071570676
2000-06-02,4.110048971004301,2.789714217630653,11.056099746358957,3.9997385097472753
2000-06-03,3.7067695330011423,3.8551395238340227,11.113477013110503,2.8830454725507186
2000-06-04,2.6813226937938928,6.116990285286944,12.175561562525672,3.960694141814365
2000-06-05,4.412337978954524,5.932352123510196,11.518696398286407,2.7011768455273124
2000-06-06,5.93927704880012,5.440339763360518,9.947725363663755,3.7115240298918244
2000-06-07,4.950417397662233,4.130866476660522,8.680096190806767,4.611476075950479
2000-06-08,6.4284446115028935,5.274489604207062,9.187024867790281,5.148916048413548
2000-06-09,7.806572712426988,6.659206721069787,8.928527242784769,4.91682659457215
2000-06-10,8.602252736417217,5.57941249748768,9.327237725945702,4.082951793711297
2000-06-11,8.011088423895464,5.906089759453869,10.02174468047446,3.333354916314808
2000-06-12,10.11900490090965,8.795684442189115,9.753639437775883,3.834244321156136
2000-06-13,9.517725985247381,9.85706057391302,9.650684138629954,3.4025268978285657
2000-06-14,7.992798395720228,8.231705352081535,9.232540875970258,2.8942490582604146
2000-06-15,7.736304729033383,10.198734232090256,10.25390499496179,3.3715556376874063
2000-06-16,7.678144190523282,9.61557331227817,11.047982798691498,2.355457837371802
2000-06-17,8.112384985436687,9.273292825862178,8.027052972921217,3.756793199799665
2000-06-18,8.144028396509807,10.245048345001019,7.270544159797459,4.093635692099645
2000-06-19,9.22725810914125,9.764179368154746,7.606577063406107,5.0943249475432495
2000-06-20,8.237448235000414,8.10569794501792,6.76989609082573,4.59448304211912
2000-06-21,8.617270644348611,7.006430177849637,5.721667739101072,6.56495715025819
2000-06-22,7.73609518843921,5.957593034916809,5.028849521416118,6.933242937452985
2000-06-23,7.5282205217230835,5.8943386661853525,3.8161860820532025,6.588535497377335
2000-06-24,8.876188329482487,7.627428006873326,4.759859593019675,8.641273825471247
2000-06-25,9.288217039858639,7.958991014806952,3.302169552113079,7.968823526513193
2000-06-26,8.13674284958342,9.34977520938429,3.8415627579062086,7.686800822713043
2000-06-27,8.556595144269776,10.85516113709428,3.149260994076003,6.998004166099118
2000-06-28,8.208775934496222,10.864992579037748,3.7711603020196343,3.1395866527781955
2000-06-29,7.0104429620527835,11.513609023710282,4.904367118518405,3.9869348835036096
2000-06-30,5.9117583665429905,11.729602665724567,4.912153180450387,5.950439529647985
2000-07-01,4.908201348490204,11.28167590439861,5.029300215107018,6.381809711306627
2000-07-02,4.875917020049922,12.048485970413456,3.980903499496001,5.544465223316905
2000-07-03,3.089016543974757,11.663291265299522,5.0075248089087765,6.626296412768169
2000-07-04,2.965249600851678,12.064176564667328,4.797552080070086,5.869395058588021
2000-07-05,0.8402741605223105,11.574504132039989,5.628164217704282,6.816414797235286
2000-07-06,0.6497433847625299,13.743302105249658,5.354599942561148,6.624197721598955
2000-07-07,0.4568137863050584,14.288545492979104,3.3270803298631475,6.484757678186893
2000-07-08,1.120528749568917,14.645666477923097,4.062341132071657,6.880017434535314
2000-07-09,0.9502494599730481,13.853121148549306,4.703624268500499,7.4716701761883035
2000-07-10,0.6718123957561124,13.146326909502116,4.6798685551626775,5.205170926868608
2000-07-11,-1.5893037347236882,11.57135592719902,3.997737536145588,5.931647741681728
2000-07-12,-0.5329318273955364,10.043734466175309,4.183744969980788,6.707338920791338
2000-07-13,-1.0307605034272571,9.645235454101911,3.4325358684905045,7.46639506797576
2000-07-14,-1.4355072911844757,9.20469475148486,4.472394987863873,5.744112871379477
2000-07-15,-0.8959811219763979,8.544466007972535,6.260266674903847,5.545206009591099
2000-07-16,-0.7088858111728473,7.410512121389009,6.7331422782107735,7.7270031933306145
2000-07-17,-0.8072122425935999,7.114106436069933,8.067810704345096,6.7328024588603945
2000-07-18,-0.43571345489420443,7.464660124237585,7.579449706728318,7.567192455354617
2000-07-19,1.1660004121403897,8.082138355932253,6.017596685335658,7.441662155104733
2000-07-20,2.15856319609573,7.550483378356233,5.391431789632442,8.754091447363633
2000-07-21,2.1698880861115524,7.30271573384514,7.462504450289858,8.498396633516444
2000-07-22,0.8883996719718377,8.267416432772771,7.748446886359235,7.8426849507395024
2000-07-23,-0.9368492927556558,8.935800576332442,7.896664055954957,8.518541846794035
2000-07-24,1.0015718992990978,9.87487088333904,6.728125128569621,9.077147886439699
2000-07-25,2.707259626530835,9.506775710772992,7.752121857779469,9.627212032912567
2000-07-26,2.863964134264295,9.912265334332508,7.746421958654177,10.343907759521157
2000-07-27,2.7807132681208047,10.739556919307837,9.324327395977548,8.928425838771341
2000-07-28,4.631082636403227,11.242028558357793,8.213071430545643,9.15019360239424
2000-07-29,5.0111244642634825,11.588902994045595,6.725538279359972,8.38369477147882
2000-07-30,4.697299043431356,10.596541169812912,6.164703856100034,8.699079728482793
2000-07-31,5.4462516032128505,12.193080509689878,6.314378113746025,10.444095667168769
2000-08-01,5.782252913991432,11.58179086054011,6.289116783919314,9.13274158394201
2000-08-02,6.234846845888898,11.77802287569634,7.601073941808963,7.303494564354882
2000-08-03,5.596821161570027,12.161913014064224,8.953494771554542,6.8694176014287684
2000-08-04,4.7918141862578505,11.609539274437157,9.338846434084774,7.360251003123752
2000-08-05,4.129194135588364,11.871790370374963,9.046212848002941,7.778829735874952
2000-08-06,4.353711667288938,10.888254119869629,8.379668793673597,7.445932868839282
2000-08-07,5.451714698594903,9.569795046877259,10.179351690048625,5.8999115795476555
2000-08-08,3.803964885768581,8.79231256707393,10.0869672381769,6.067648362734934
2000-08-09,3.653667726465624,8.776781398296752,8.330471576961967,5.370347878585747
2000-08-10,2.3325301194023806,10.34177362087736,9.185377429860102,5.837829909078642
2000-08-11,1.1058978214141422,9.172314207492963,9.087775041469474,6.770742025904592
2000-08-12,1.4541341428160586,10.825704365512617,9.232485632076791,6.3867044859187185
2000-08-13,2.402435721390571,9.97056867056747,8.523167909056083,6.637729163596835
2000-08-14,2.4804290778732367,9.874060615424693,8.57394687222874,8.601804928463181
2000-08-15,0.5169995078555614,10.5702313789045,8.287321747269008,7.530790625335434
2000-08-16,1.873890662037763,9.731192840061613,6.079270923732585,7.759315317346286
2000-08-17,2.9461452400241983,9.720192884991212,6.3052489103456,7.894280838505607
2000-08-18,3.0617927353900307,7.806057863694131,5.127637897119558,8.839610234312174
2000-08-19,2.700266887609568,7.164048268895225,4.983365064218304,9.134062366608667
2000-08-20,1.9786000293988089,7.24530889481842,4.32091401045709,9.123589790456185
2000-08-21,1.033363917395723,6.2795954247759145,5.898186899803523,10.55798889732529
2000-08-22,1.758176738002496,6.6014494145783935,4.645473665682292,9.201389168215242
2000-08-23,1.8435156951194598,4.806930953063489,6.8066307901219485,9.902582933673216
2000-08-24,3.509876095753973,5.327600419848741,7.434795157538543,9.31477329761481
2000-08-25,2.1660370584230693,4.048960605605781,8.132259828615688,9.52545411364539
2000-08-26,1.3497783112244541,3.2136824085406213,8.47021412075696,8.235172691001958
2000-08-27,1.444188540339167,2.985671182185234,7.427572621666936,9.641912991400957
2000-08-28,0.589464013024706,2.99284597846812,6.422895402748963,7.845484100826104
2000-08-29,-0.27361157261728875,2.6850157807937114,5.92612573623879,8.267012913719912
2000-08-30,-1.0625690651650332,3.2602147093188174,6.266980465916642,7.38100986035494
2000-08-31,-2.0142689649150105,5.76129436707294,6.349925085524551,7.59351110374588
2000-09-01,-2.355070249118954,4.891900985615561,7.457924803909738,5.607657803890749
2000-09-02,-2.8028793608518012,5.1944657890362285,9.325702967275035,7.332665907683707
2000-09-03,-1.7190088731947093,5.684928999694426,9.457825436345297,9.424611098412207
2000-09-04,-1.935159823209554,5.886233688694403,10.54284951902838,8.316945384806477
2000-09-05,-2.693206422245403,4.4338258959372325,11.989216677953348,8.37927335433634
2000-09-06,-1.0685685357239858,5.376244692625236,13.281856285306771,7.950189685170202
2000-09-07,-1.831141500020845,7.203254189319109,12.179135224827505,8.95922091024835
2000-09-08,-3.8908303656338035,6.854248411242256,10.802364212832599,9.324022733759676
2000-09-09,-3.8760115662212904,7.071204701390031,11.226481265239112,9.246868745004148
2000-09-10,-3.92833738554495,7.634551222680113,11.61267233648535,10.533304337895904
2000-09-11,-1.94746456008618,6.678229283537367,12.570887774668336,9.305188810760054
2000-09-12,-3.2052618502601553,5.899049284153089,12.425495279371574,9.155589732706263
2000-09-13,-3.4683827953001583,5.253452616492488,12.375442322191189,11.476580498927433
2000-09-14,-2.3489008040595767,4.920230191369676,12.660078900728744,11.637555568497564
2000-09-15,-2.9274026248732845,4.153320314546517,12.279234168070687,11.275426851427744
2000-09-16,-2.3689875132446927,3.641028069367835,12.49536928803108,11.891758108780515
2000-09-17,-0.6109736717714349,3.2519379052343793,14.456363909750992,13.064281060530444
2000-09-18,-0.025874852276988602,4.18574306821856,15.286420551102788,12.263249726154706
2000-09-19,1.1865000053487487,4.460200720749155,16.156494522035665,13.624736667196096
2000-09-20,1.203954404633693,3.7893923346611,16.41704078927947,14.016793748195559
2000-09-21,1.9032043812640973,3.599130191725775,16.280895690453406,15.016744560739005
2000-09-22,0.8524541608717069,1.801517998492564,16.002865366887022,11.998866643688059
2000-09-23,2.296600301501318,2.7633285351636108,16.800407737799063,11.951511784041674
2000-09-24,3.2507307557528557,1.6251692096748924,16.42428518633831,12.335626145676935
2000-09-25,4.0174143320866476,0.8653074471979679,15.531126977613631,13.26893756502635
2000-09-26,3.8111443147657975,0.6164933800380717,16.944076217115697,13.54998051561553
2000-09-27,5.292633555033759,-0.3798293337494415,18.195793934425314,13.639593854060092
2000-09-28,5.02980528599995,-0.7346706112205761,19.10073695529591,15.194907047936644
2000-09-29,5.991025171654852,-0.36305711740588303,19.856076587093664,17.03788741576888
2000-09-30,7.17450496764016,0.008986981842487418,20.89708634684369,16.175875797226798
2000-10-01,6.365590271899066,0.14717863235407772,20.842770318447876,16.080540134312226
2000-10-02,6.717117072272384,-0.026349376170286654,20.26104008117494,18.0219817474984
2000-10-03,6.697741751717135,1.872649818291351,20.032213066808723,18.587068055415983
2000-10-04,7.429250269420903,4.435560467781871,20.13411780989403,18.546326552888605
2000-10-05,8.460607538494383,3.3789052144850764,20.4323968821906,18.748269644076395
2000-10-06,7.339709334627978,2.9003346042123472,20.39555458280207,19.650933541908234
2000-10-07,6.529310614032482,2.748991165496398,20.78882238719616,20.233111198229466
2000-10-08,7.574710358843259,3.649666553274797,20.30282648277319,20.739374927543864
2000-10-09,6.752359347718357,3.309351430883182,19.46710259461207,21.60019896429799
2000-10-10,5.807563026503417,4.492497811217197,19.052023863722937,23.498013617524578
2000-10-11,6.094560891809189,4.758229277436526,20.21455442993299,23.170982358482615
2000-10-12,6.029710164956898,5.542298274266632,20.548291484015362,23.408984608167103
2000-10-13,7.274240932709951,5.334751848803393,22.861472449022287,24.456252890670207
2000-10-14,7.853253323463462,5.594593580325597,23.586976219243155,24.25078021968075
2000-10-15,7.930882222518529,6.671018856835461,22.85336784690791,24.975867733062277
2000-10-16,6.412149089701078,6.576500945351427,22.340317899956133,23.904027729072492
2000-10-17,6.429952331715917,7.817118357341309,22.843402205053927,24.199891631886015
2000-10-18,5.191630333385163,7.0810562760004485,21.246625527393793,24.452283533777127
2000-10-19,5.7297909863619525,5.5621583519444435,19.86215768112428,23.35322204876144
2000-10-20,4.188268631306226,5.133793577899172,20.395976730416532,24.459615740809756
2000-10-21,3.888775132613791,5.350775158682261,20.360834230261858,23.93992999859525
2000-10-22,3.361302148369964,4.363655038472908,21.14218241666144,23.040744895873996
2000-10-23,2.9452749059991445,4.692757003285856,21.660017601683826,22.41843402214468
2000-10-24,3.202171035900445,4.000691104934611,21.8687327781695,23.811409672762483
2000-10-25,1.1602887915661673,4.366599443771113,20.90174712196147,22.964826052891464
2000-10-26,0.9803137657773748,6.285668468343994,20.574759212476295,22.776151244483128
2000-10-27,0.9043773360637173,5.7017346826511766,20.977680145796516,23.526968635221614
2000-10-28,-0.3490094595890556,6.125946004421849,21.11735068126768,24.82967345791325
2000-10-29,0.028629869774343952,6.856286898030742,21.3585805578007,23.854906550579727
2000-10-30,1.746208807042815,7.647370320286593,22.539865703751516,25.583921894260815
2000-10-31,0.09921838987711507,7.326337302272839,23.004740129958826,23.735060940265765
2000-11-01,0.6331692383887778,8.478589852509971,21.79953686735622,24.69869220956654
2000-11-02,2.3985177668989084,8.847323581214901,20.938598261153707,24.741821496844235
2000-11-03,3.2444145761646266,8.386560824080458,20.62708624119234,23.30309399103043
2000-11-04,2.4219081611890636,9.601834504233949,22.067267905857204,23.690143681986623
2000-11-05,0.4932099856469163,9.079507931397861,21.263465541417183,23.775743088353213
2000-11-06,0.8413949258605533,10.568727669287814,21.217530054061868,25.323189513404103
2000-11-07,1.716174355456892,10.827466368600692,21.020287192582174,23.568443405174172
2000-11-08,2.0229151109270367,10.410781721335947,21.69708392045437,25.15763646566802
2000-11-09,1.769600305762313,8.872993383602893,21.838886868369425,24.982068552840857
2000-11-10,0.7676039068580927,8.44763717335678,22.205372365878176,26.731705640405625
2000-11-11,1.3072178348517087,8.265612562469046,20.720870983845636,26.775372922195736
2000-11-12,0.847346308406751,8.867161122315693,20.83438505785892,27.714940043121874
2000-11-13,1.216085316355209,9.197254599004813,21.213493738308934,26.217384938148925
2000-11-14,0.0680118906298901,8.296833528906081,21.2327660407914,25.711566616685943
2000-11-15,0.9597957718399557,8.803743697154173,22.104709748449206,24.095855933898548
2000-11-16,2.2727847236519,10.30411133652611,22.607686524011175,24.019545625705714
2000-11-17,3.134317004438101,11.02229531644757,22.78806622735009,23.79594020400726
2000-11-18,3.4254100174318207,12.591602328529842,21.789093538362298,24.452813880288517
2000-11-19,2.966703445729456,10.863620303008366,21.618712326485895,23.46030410021251
2000-11-20,5.263615847993625,10.277282655056734,22.642822104858162,21.9683445521171
2000-11-21,5.694615677287484,10.083731001623443,22.35451190935887,22.75867675069279
2000-11-22,5.321924943482139,11.210015299574767,20.88530651113805,24.486530852046943
2000-11-23,5.5999501877166065,12.731201395893471,20.626310807561325,24.80577417295357
2000-11-24,5.848572599362257,12.976149523036016,21.370798354380227,24.234258125085216
2000-11-25,4.845369744447219,12.299092850790787,20.273964222559794,23.49904950425573
2000-11-26,3.0173579976202998,11.288395965157141,20.27952050661489,24.970722296011584
2000-11-27,1.586087392861849,11.307249494986623,22.051329719400137,24.714612449019846
2000-11-28,2.076804030528773,12.136134019500611,22.04529282822447,24.430234902954325
2000-11-29,1.576147013302153,12.668651005263213,20.893941014768995,24.436879126332048
2000-11-30,1.4493371604628893,12.645570543052948,21.980117111367672,24.738458288040597
2000-12-01,1.4422285777142303,13.877163502691575,23.702959909433172,26.287769945076064
2000-12-02,1.0488932032125002,13.18863712930109,23.551863939949783,25.704140063404065
2000-12-03,1.1712377333992314,13.825961946576909,25.452938957573174,25.636372043003796
2000-12-04,0.9533453225424875,13.133095827518085,26.132063974186927,25.783070470162475
2000-12-05,0.07246884505653095,13.093233229565104,27.591982857805494,25.467520349398303
2000-12-06,-0.2343833070782973,13.819321919048596,25.751881455420147,26.132173768869084
2000-12-07,0.7584091229351613,14.565829624827595,27.292895131705937,27.94101760471268
2000-12-08,-0.22793866947386676,14.576609628030923,26.955988433180444,27.90376917157967
2000-12-09,2.0007573346883873,12.770548976383417,25.6247923642291,30.516312133655024
2000-12-10,2.233976093666916,10.854711493254785,26.19100503158554,30.887373512802625
2000-12-11,2.3657848359862097,10.8790847358543,26.443488376625158,30.609077868449006
2000-12-12,1.5695881595924472,11.253902330224866,25.816512973691843,30.38180742195485
2000-12-13,1.687568333189174,14.18307007046346,24.103305035574945,28.96869040960938
2000-12-14,0.8975030308018837,14.978256160157185,26.187994498653936,27.14660766911885
2000-12-15,0.7370888858662352,14.67153486975306,25.490932908854752,26.95501059551315
2000-12-16,-0.8974290344175664,15.484494892855757,24.9261635624681,27.749826459109826
2000-12-17,0.5328155912616392,14.932567209276517,25.36802169449692,27.854605621978532
2000-12-18,1.6806371743904565,15.750903090425458,26.97459077187549,29.254773845056537
2000-12-19,2.6917401994829233,16.687909109749047,27.28621746021057,32.53816409824515
2000-12-20,3.4099383750607304,18.963876358523102,26.864328460092977,33.268502479777425
2000-12-21,4.35696733785531,18.919509829055393,26.925020849044927,32.991929109118985
2000-12-22,3.8567182725668694,19.626166471415353,26.86755153327123,32.79641662186397
2000-12-23,2.657158790328146,20.217100284562342,27.347515062388403,31.999589193807946
2000-12-24,1.2855269395396889,20.60343970162017,26.326447452600835,31.249050257940958
2000-12-25,2.412016676752616,21.176416924706537,26.99960596131218,32.14112686621177
2000-12-26,3.636614448975643,22.602578023880618,25.112224908476513,31.953317263937787
2000-12-27,5.157778520583977,22.915948996905573,26.204326998648263,30.80922294764839
2000-12-28,4.744887160400092,23.64407882705098,26.209164443291506,30.334100410703535
2000-12-29,4.733436687787544,24.050845654346244,25.54511596494754,28.269483885713402
2000-12-30,4.133007452370041,23.061737660366767,24.945788199042692,27.188186894425677
2000-12-31,5.650268374591731,21.008914302235056,25.887403888028228,25.093942535254076
2001-01-01,6.500541950081796,22.416975447642766,26.475019140287227,27.264971273511648
2001-01-02,6.652622401933825,23.341475103455387,24.69023114229679,27.19754452948486
2001-01-03,4.980043619768615,23.758433392383473,24.11526900441917,27.946337711538263
2001-01-04,5.200061442692824,22.937324377093955,23.917011449950905,28.72914352143501
2001-01-05,7.2644770759609045,23.06425866065571,24.1738587103362,26.763243897267007
2001-01-06,8.837696978614362,22.822639590643696,25.29336048578501,24.89924092259027
2001-01-07,9.101245611144304,22.19689926347979,24.94457798309006,24.291814243560204
2001-01-08,9.69841592693364,23.51585830215786,24.41783440566876,24.646758567930405
2001-01-09,9.858337208760886,23.202541632107103,23.787170487442893,23.9052598361927
2001-01-10,11.768884862962757,22.995350726348015,24.254671105697682,22.529788373615226
2001-01-11,12.146527506110822,22.816150968515824,25.76937805686522,21.58800759694979
2001-01-12,12.103147778261734,22.638165722683638,25.668891621581906,22.054450368089515
2001-01-13,11.63435722172768,23.51515957944615,25.79859335194713,21.80715284284923
2001-01-14,12.499361427138728,22.36334886130228,25.096019443904314,22.562578521088298
2001-01-15,12.153811360541248,20.79099724700822,25.524694499393277,22.250524446403503
2001-01-16,12.15967155092273,20.406160076919694,25.297608644361993,21.688118443258205
2001-01-17,11.409994316924276,20.67665208940468,25.385124180244883,21.482162439327073
2001-01-18,10.784889177095224,21.592465781956246,26.553835855853738,22.57019482868567
2001-01-19,12.102724197901184,23.07271902598944,27.674730301769678,22.737992682158875
2001-01-20,10.594348892762357,22.286380319066378,28.218361998783024,23.326211873082507
2001-01-21,9.24142629394342,23.161849093515748,28.606466288811173,23.09894899535298
2001-01-22,8.664626238403152,23.587020489789694,26.877678701055512,24.96404299122023
2001-01-23,10.616772456289532,24.4117069967356,26.23361572304607,26.029891652082483
2001-01-24,10.194503220094925,23.55158658686911,24.370127497452938,25.353751175058843
2001-01-25,9.784053459456164,21.676662195862576,24.320285232309537,23.284587766736983
2001-01-26,10.88958549106917,21.425866559995683,24.023160187683963,22.684905989469428
2001-01-27,10.014856431015346,18.696073366938172,25.16401756017604,23.402188946404387
2001-01-28,9.880178758846274,18.417259834611652,26.555537517823982,21.652382339707113
2001-01-29,10.617411614037827,20.035535026918154,28.372878731567614,22.204186018574646
2001-01-30,7.1637381246819185,21.69267003689782,27.513781011903212,22.508858664081504
2001-01-31,7.067896746878314,22.7494993535291,29.22155286658525,23.02884558276915
2001-02-01,5.57988975749204,21.986224839359174,28.094447771519214,22.36257850504159
2001-02-02,6.064168894935724,21.96061794904044,29.115872663358942,23.16075712444942
2001-02-03,6.013774964516501,22.40991811224271,27.617819761024002,25.043222471293817
2001-02-04,5.682341483153778,21.879612030454858,29.590352632403977,24.201220138786734
2001-02-05,6.3610420031262604,22.314177801715413,29.058570443613178,25.137443528094252
2001-02-06,6.390014877931592,22.746708984151095,27.135918725038994,24.194672913039888
2001-02-07,6.534031677872905,22.358288743333276,28.292136252553014,25.051463110997954
2001-02-08,5.43768856489025,21.677117983632453,27.516246673906625,24.958072949863464
2001-02-09,5.03388737739686,21.277152868709653,25.65412095135215,22.90858462291208
2001-02-10,6.272695771326621,22.49455508333392,24.79508405196119,23.754098950819152
2001-02-11,6.596119766344472,22.446762992216495,24.05939522331841,26.084675233522976
2001-02-12,7.914879944180073,23.613610600667325,22.776821900238016,25.863531457557745
2001-02-13,9.241770348321019,23.52821203152996,21.66175609640461,25.171576455595762
2001-02-14,9.494548839435748,22.731180548217107,21.283401015582534,23.34148106209576
2001-02-15,9.180210877649603,23.14293970365046,20.236597337301728,24.697773427300557
2001-02-16,7.922271588585243,24.19157835314406,21.198244997972896,24.94027590691836
2001-02-17,8.47406621836471,24.39619377873984,22.277647046026125,24.808075072343783
2001-02-18,9.117591163246576,23.72170231680204,21.7944196788875,24.35679508694223
2001-02-19,9.713582237367472,24.107084200695045,22.37346743222895,24.20150465640819
2001-02-20,8.158085912959537,25.187312719780337,22.56130735560198,22.99958005075613
2001-02-21,9.617506757609613,24.748249765957418,23.578425742437673,22.218452236899072
2001-02-22,9.17219178283162,24.65731850950443,22.65056652716541,22.440705666392436
2001-02-23,8.032636260714424,24.837904833086323,22.90938743410914,22.865376843579284
2001-02-24,8.45774156066494,24.80983878417575,22.980937179051427,21.24542537270385
2001-02-25,7.907412977939762,23.164558346044032,23.729747979881626,23.03372248499776
2001-02-26,8.663827796388372,25.009625244751533,21.866527709390656,24.020878626521288
2001-02-27,9.088784935352084,25.399407385068102,22.897729264157608,23.473513639825406
2001-02-28,10.396906016299392,24.272149183600668,22.846839176755434,24.255913516484544
2001-03-01,10.500954718540141,25.609191729915036,22.190667358741745,23.025844544671987
2001-03-02,8.810720492164814,26.26386188939127,22.368800347886403,22.117853352281205
2001-03-03,8.219771729158555,25.203776117891845,21.074653512363458,23.102436885261323
2001-03-04,7.623165842567016,25.917006325061163,21.663875842639293,21.843512787773022
2001-03-05,7.474409508993568,24.823659275004857,21.862197974329312,22.67133081039049
2001-03-06,7.807045835555417,24.045468059495597,22.46982027327809,22.31233498647728
2001-03-07,7.579274032985017,25.459155862559907,24.031619482475445,23.290198206521417
2001-03-08,8.20909778382785,26.079030724556773,23.04077593854717,24.30853051729858
2001-03-09,8.24951936795632,25.7782235431987,23.752345769952306,23.9179387468005
2001-03-10,8.735123417740196,25.494882613056085,25.191492123554664,22.463429781296334
2001-03-11,9.575904723654077,24.843583326485458,24.828120728336113,23.972531389935266
2001-03-12,9.142716414321647,23.918725322553012,23.81466403466188,23.08203303414243
2001-03-13,10.750890868374345,25.20960534064866,23.015135093379143,20.528739619699493
2001-03-14,11.17505723734646,25.565440821492018,23.36907144689811,21.19096278546878
2001-03-15,12.196911458126221,25.347013015281593,21.5540726835781,22.10302565653556
2001-03-16,11.727905650364445,25.72207622640423,22.357003329573505,21.987349938767778
2001-03-17,12.370336457529453,24.640784428891692,21.493055686700075,21.56518360268754
2001-03-18,13.394256456238683,23.270310127393373,22.235556803779183,22.865003950763438
2001-03-19,12.347971657954703,21.688594242718754,21.92522928236251,21.298716736225096
2001-03-20,12.264870465643728,21.828765996784472,22.686161381617527,21.085606342224274
2001-03-21,11.660251894293705,20.05674887625349,22.304246308436277,22.707379789801383
2001-03-22,12.020694423439325,19.928950963320247,22.246719880918317,24.03435675618805
2001-03-23,11.058676980474665,19.83610746860365,19.596082506745468,23.9678586549883
2001-03-24,12.442795095954319,20.71188764814365,20.04334474933351,23.827347672090998
2001-03-25,11.368929194340259,20.746176691687193,19.839532519074602,22.662980421744965
2001-03-26,12.416318292534205,21.12780584222993,19.41429995871871,22.82010931071761
2001-03-27,12.98048855049418,22.04540514576768,19.409190898327,22.28913071808402
2001-03-28,13.724927703253758,22.34329135955574,22.624863939299377,21.20256002932579
2001-03-29,12.546140265396604,23.624679257715243,22.868917983650903,21.649566680753306
2001-03-30,14.234410161834191,23.473579188442436,23.77738706725278,20.900362854594576
2001-03-31,13.824325680426522,24.03865820358368,23.023370396057555,21.32542913728039
2001-04-01,14.63180779246424,25.02153088734188,22.452655379819088,21.593301044087617
2001-04-02,14.564761085001182,24.079727459960065,21.651874990829008,21.480938840569017
2001-04-03,15.533732867955552,23.09798401821348,20.813611080919245,21.862947068961326
2001-04-04,14.275102035670894,24.182938016905034,20.467083727519427,23.05055236735657
2001-04-05,12.87576780714561,25.356402414859087,21.272243006310106,24.033021507678278
2001-04-06,12.393356927074993,24.394725432937662,20.281291029119252,24.346017020359795
2001-04-07,10.717772135003472,23.881178196577515,20.57464057268165,22.778701911550762
2001-04-08,9.829482531869575,23.984935055856464,20.362533009288377,23.449742289972395
2001-04-09,10.06388085399648,23.86859890502306,20.67969723278232,24.26363545460869
2001-04-10,10.227297947800466,23.20237778183116,20.459562432081057,23.790812055452367
2001-04-11,10.467866396095824,24.008683296136454,20.51793879345206,24.329030225430415
2001-04-12,10.090607611109053,24.79776075732916,20.73264722575652,24.834938738630292
2001-04-13,9.829080804374083,23.327250680837615,19.850297175363742,24.372343900113304
2001-04-14,9.013482370150387,21.876465080115338,18.86836667139818,25.152671884341256
2001-04-15,9.200519695721303,20.780530852908136,20.03618479237377,24.131199456860813
2001-04-16,8.952001255203413,20.52478035574879,19.18075870884087,24.704181563137567
2001-04-17,7.187608063387532,19.64180495753616,17.92899449031767,25.320290312860603
2001-04-18,7.791708229882696,18.467168256784916,18.686228291685037,25.687319894445668
2001-04-19,5.539791535451754,17.556853810715573,19.30536410977654,25.6733957541361
2001-04-20,4.891443091100938,16.79941048367956,19.178153033193624,27.078095020359587
2001-04-21,5.285291986463395,17.029838173601824,18.275443538953844,26.637211408358993
2001-04-22,5.988077348479871,17.570197489053225,17.40386555752575,27.398572114838494
2001-04-23,6.0036117238717335,17.828988894865226,17.561994312392777,28.21444639591985
2001-04-24,5.1296974687086045,18.00895405123224,17.59778410510249,28.963532779110327
2001-04-25,7.054591006455611,16.86641463644282,16.85339456747604,28.34188823256189
2001-04-26,5.932406034244451,16.39707875798796,17.548934344011144,29.78605211719139
2001-04-27,5.948811462444029,17.120923884396415,17.478423618143854,31.252454132220326
2001-04-28,6.641816991473607,18.583951100423686,18.050660649622603,31.91637417773932
2001-04-29,5.812501249593165,17.352615598801258,18.95802367631141,31.20549762063485
2001-04-30,5.790083618688454,18.0514908327707,19.636235899515828,31.848624744156368
2001-05-01,5.066815229411772,19.528507113118913,19.595180617206278,31.714958364830945
2001-05-02,4.563482947519065,19.701811277667193,20.507883240878055,32.42706011607891
2001-05-03,3.0498166279754892,21.42261568383412,22.626015850842776,31.068025128196766
2001-05-04,2.5402658552718,20.203813053183673,22.30957288387846,31.753149155939315
2001-05-05,4.503902156517487,17.887414748272484,24.074488540524897,31.74870771128118
2001-05-06,5.491660486781435,16.797330068281276,22.99065777278359,31.973335677498245
2001-05-07,4.552863780016996,16.959407216061216,22.17954350543666,31.795358187846734
2001-05-08,4.833076732752456,18.32201854599314,22.933813530186512,31.765591816863417
2001-05-09,5.876250691633578,18.605833014971328,24.582655269040533,31.24530204977933
2001-05-10,5.521623498780272,18.916376528096134,22.994430302100533,32.199501681145186
2001-05-11,5.662556429615358,19.937398187186115,24.32149643939518,33.92095414790036
2001-05-12,5.989300832981431,19.599387713161835,24.262403141421913,34.4664491724037
2001-05-13,5.174875749912356,20.1677453638904,23.903159940800602,34.2361280905124
2001-05-14,3.765100020305975,20.31598310940038,23.03961095528431,35.065909811809924
2001-05-15,5.455148968833933,22.427333248193968,22.002243072957867,35.58451113221168
2001-05-16,5.262968345819317,21.922472312031893,22.027101636008467,35.151148320267794
2001-05-17,5.859894612625444,21.82163188833582,22.82210624625179,33.61179209436132
2001-05-18,6.511254921159912,21.754780872054354,22.419946500124347,35.890575957087655
2001-05-19,6.207194295022041,21.327086755853223,24.436841623282543,34.62642548867268
2001-05-20,6.8119970661823945,19.511747348652317,22.8782121782552,34.85973248132663
2001-05-21,7.531002389391196,19.066982827281826,23.563106916208966,35.24399285412622
2001-05-22,7.108202952644036,17.552154535742574,22.19307389635889,34.01416332654964
2001-05-23,7.5699356848442285,17.70168858700752,21.46622976619482,34.60541398160323
2001-05-24,8.361917588918384,19.20040708957793,20.454570998638516,34.11040543355768
2001-05-25,9.273743199298387,19.340988604414395,18.894784542961407,33.3165146640493
2001-05-26,9.637526883042622,20.157571570306988,19.70272680241935,31.92548010983313
2001-05-27,8.890874027265998,20.430555770396587,19.20079657760936,31.33095356424436
2001-05-28,8.02467594977932,20.835919121109082,18.47810423135249,31.793433991756558
2001-05-29,9.794733428040217,22.57661912183542,19.08944135989352,32.35736035483054
2001-05-30,8.825903018023249,20.80830234893258,18.83581931602674,34.03463046851641
2001-05-31,8.731870837215753,21.127931672899454,18.685928119061856,35.936392269380626
2001-06-01,8.868295299562158,22.931925206499923,17.59195139110084,35.89260058663569
2001-06-02,8.743131414089902,22.342779629497084,18.473904181769065,36.46884621493951
2001-06-03,9.375122402401907,22.503077283426798,19.304851316296453,37.79476961776253
2001-06-04,10.672902274141386,23.874021938885043,19.30741815430826,37.00884970683452
2001-06-05,10.947986302475712,22.53709256682274,19.084951353279482,37.92959427349079
2001-06-06,10.976833897131131,23.20295418760177,18.901319968038912,38.172915221878554
2001-06-07,11.933670709623117,21.20902303272302,18.986929515440647,37.95581461019976
2001-06-08,10.659782677488714,23.08928094172822,19.329742847576185,38.80679248628765
2001-06-09,10.563952132365687,21.862777721685667,19.04171017251081,35.777040506568405
2001-06-10,9.830119722218036,21.677867725409907,19.340440681879713,35.2869105085568
2001-06-11,11.018424684323719,20.726289558959486,19.89949711828486,35.83145724088711
2001-06-12,8.468538320918888,21.63855611308326,19.243841899430542,35.08650750529742
2001-06-13,8.46225621497549,20.83983292193179,18.07995068151932,33.37562140421855
2001-06-14,9.090651300706275,20.17023490930342,17.958271239615662,33.36301846781144
2001-06-15,8.72005063687026,21.162412288762432,17.50851929506357,35.33541668705677
2001-06-16,9.532712441794796,22.45088025417119,15.7662489251435,33.210438766614004
2001-06-17,9.512263777750292,20.22483214640341,14.453506987621047,33.517060659972216
2001-06-18,10.379587691573494,19.88791728151083,14.494242525810172,33.97719934276003
2001-06-19,9.071180761905886,20.127067044432106,15.447038034190689,33.38067216387975
2001-06-20,9.274428437757551,20.832855935956204,15.116488543359544,33.380860098240646
2001-06-21,7.979453805208594,21.555205562219005,15.23683234792123,33.012528760093275
2001-06-22,9.116551987101777,22.101691538359734,14.97007043404637,32.7599446529188
2001-06-23,7.814442560644782,23.012474484457062,14.76457265709331,31.11075123441714
2001-06-24,8.538943782454346,23.698769575649344,14.458057111087792,31.5142750462962
2001-06-25,9.431960147549125,23.440903357927276,15.510284902893122,29.147145263555863
2001-06-26,9.713878331915728,23.033643568531705,15.478987415416745,30.092246077691158
2001-06-27,12.005341792589306,21.153984929442146,15.584922263073453,28.99342944407257
2001-06-28,10.233392657578289,20.368837829085162,16.137934694466423,28.91198191136782
2001-06-29,10.288396014914333,21.445727708170832,17.437723722229745,26.60184787803792
2001-06-30,10.212831049900224,21.306351962340862,18.374693583697493,25.376253610251993
2001-07-01,11.035534209494674,21.936632481141405,18.263527070351774,23.508020930354217
2001-07-02,12.758314889761857,23.033091388965627,17.184854664947313,22.31145326740599
2001-07-03,14.434086016009589,23.430739716773925,17.268705761434678,21.962426955454465
2001-07-04,14.410339244195567,22.761564939494168,16.312639518566314,20.957557141260846
2001-07-05,14.36088981715358,22.214251273678705,17.481846620742417,22.738183263545302
2001-07-06,13.173966303232957,20.440492014678615,17.23354038019543,22.94195313675475
2001-07-07,11.775691828958106,19.742999442992474,17.751709736412767,22.614815784600705
2001-07-08,11.054471266315423,18.045811075888118,18.2180651097842,23.891037646183694
2001-07-09,11.008545385502732,18.76995851431693,18.238948569882375,24.40722310675823
2001-07-10,11.038738990310847,19.873403067026363,15.558279621607285,24.463921749770037
2001-07-11,10.15168738355876,20.26126592742876,14.453073921063156,23.969953638284718
2001-07-12,11.525952358833944,19.776764082382744,14.6401711145518,22.108499306123683
2001-07-13,13.115870420815368,18.88817258656229,14.71053485987258,21.223407946791305
2001-07-14,14.493438274304271,19.146828301117274,13.024048111364747,21.0581272650491
2001-07-15,14.097917885097926,17.99596863389855,13.384326615516224,20.427651723589598
2001-07-16,16.830324972492694,18.691077695088968,13.567544558905485,19.56703183253568
2001-07-17,17.368476210846428,18.52958048036838,16.633465519615537,20.103583633706855
2001-07-18,16.519500986199223,18.0503106923865,14.401743604623052,18.51463448545503
2001-07-19,16.00901503726193,19.128537408327222,13.192696136482075,19.3400908282207
2001-07-20,14.05921865333886,17.125980544899782,13.315982082108496,17.52017652251212
2001-07-21,12.740821031758415,18.09397652807272,12.11409247854169,18.018656298205258
2001-07-22,13.256904908768483,17.791922558894854,13.184976562159182,17.321136975279458
2001-07-23,13.293980292480247,18.199629103153526,14.05870921364948,17.917191874780148
2001-07-24,12.879151169127601,18.247839343510805,12.358665162774003,17.275540365652585
2001-07-25,13.266057991296995,19.016524689417917,13.151776194470806,16.991752179831423
2001-07-26,14.489713254490193,18.330930778936235,14.916671830277942,16.243869060691647
2001-07-27,15.662811327976968,17.970654811467906,14.697931692427982,16.31134429096091
2001-07-28,14.618127123870494,19.28155065114704,12.897744173973903,15.901209309443288
2001-07-29,13.174046252441265,18.509584736894602,13.717070559400602,15.65405781754079
2001-07-30,14.501226241818827,18.519471507369467,13.478622444565906,16.106998584765226
2001-07-31,14.816597712683812,19.791524354364242,13.840294685724109,16.202137187066135
2001-08-01,16.646594236605008,19.005009495323275,13.371055941233017,16.817889531740896
2001-08-02,17.297587918962304,21.792048092121462,12.63815041254613,18.556613689656874
2001-08-03,18.30614295331867,21.36901200623547,10.923613855502008,18.098607021559076
2001-08-04,17.260261435777476,23.636547054335338,11.409987171462763,17.509389585787915
2001-08-05,17.976329315591553,23.96859023505822,11.89650231048253,18.881171137544197
2001-08-06,16.262112523785422,25.15439549618549,10.97911235888856,18.70983881130134
2001-08-07,15.834311155720824,23.80407592571858,9.458714965450365,17.465115886350837
2001-08-08,15.721183414708712,23.817767468197353,8.442134904771711,17.136894015118067
2001-08-09,16.61495588477345,25.196968937844296,10.17281189397097,17.12917946446185
2001-08-10,15.768547110125251,24.107759313747387,8.533039217880992,17.282476276534986
2001-08-11,15.850008674675678,24.813440249695923,9.049293184585373,19.050266693797003
2001-08-12,15.38620841250454,24.53130104625047,8.226282777473305,19.570292632063158
2001-08-13,16.69026070103416,25.372521971244993,9.030616415798006,20.81806710296447
2001-08-14,18.80127482228301,23.213525922387102,7.702675830843807,20.291411053897832
2001-08-15,16.646730457969575,22.588246523022303,9.002273441525158,19.921017934556513
2001-08-16,19.035738376755333,22.493368389404395,9.157706487892574,19.72816939678239
2001-08-17,18.473634043468326,21.230093924064928,7.672760929672409,19.099133718763834
2001-08-18,18.488604114635603,21.612729870288522,6.739331751522484,19.17674453082964
2001-08-19,18.920969525090392,21.266698075010364,6.316848921458343,18.996931371501876
2001-08-20,17.661833616882777,21.004909999325825,5.104047466262911,20.607891324089962
2001-08-21,18.26950038223679,21.98797976657376,6.010202430874889,17.245756433131763
2001-08-22,18.52160456773608,20.070744412463384,6.295112360571782,16.77830121818765
2001-08-23,17.69865717167302,20.48680607260461,4.2862738476818425,15.367162081360394
2001-08-24,18.310898870208266,20.834347900491316,3.8756176536086904,15.25802693452067
2001-08-25,18.425362057346078,20.94740556372829,2.9719252846250757,16.262061457816394
2001-08-26,17.79846064526972,21.1438867880401,1.6322625670895825,14.825773741288323
2001-08-27,17.266911882633543,20.085988234575638,1.4863754791405328,17.11804204439738
2001-08-28,16.66104725438846,20.619837990298784,1.019986603774123,16.397703419610924
2001-08-29,17.53815884863409,21.024098969617114,1.0198586437565884,16.646476714562823
2001-08-30,18.25728565462994,21.033028965739202,0.36467959752498746,17.2683702914729
2001-08-31,19.330139475302317,21.205935749324894,-0.7441108442642392,15.117774274391738
2001-09-01,19.407536623721175,23.771497376297667,-0.5932357555473341,17.47135657942764
2001-09-02,19.682500213051828,23.24976307421206,0.7662613569530207,17.181345666102576
2001-09-03,18.71042000463104,23.719832245078035,-0.5874001161318149,16.632643884266283
2001-09-04,18.786108575067836,25.742442539898313,-1.0418424754819982,15.41215782012787
2001-09-05,19.04496821116556,24.360818098574924,0.8134159988483411,15.450182685383737
2001-09-06,18.564096014889113,21.37065484766153,1.4544049021329446,17.41900009902477
2001-09-07,17.599105147716635,23.0425110381404,2.2616607365096657,18.830258081033524
2001-09-08,17.441350838339496,21.493983270709503,1.7676782055240585,19.47374508663297
2001-09-09,18.89089540291967,21.479379730221286,0.44350079280848576,20.394886276692393
2001-09-10,19.829370564699495,20.379720184713356,-0.5906280572589353,20.035737131290276
2001-09-11,20.607890095190008,21.58307871712471,-0.26651188162963535,20.985867094799932
2001-09-12,17.970372633609546,21.84565288040302,-0.8290625821454084,20.538793355393416
2001-09-13,18.404262902166465,22.428697857130402,-1.077072342045652,22.16239595083155
2001-09-14,19.266075892133426,21.919238925000116,-0.12492296020099669,21.967466503089412
2001-09-15,17.871994831153515,21.5866927231174,-0.4955542842195929,23.05461573617292
2001-09-16,17.398575290645233,20.70257435889932,-0.728735539681714,23.706005600737456
2001-09-17,18.85944574450143,20.56173224608179,-0.8028637333233606,23.88937659354818
2001-09-18,18.54546407645326,21.369235500820366,-1.437300795399826,24.48390886177043
2001-09-19,20.12593847795403,21.765324939180687,-2.103370918189765,23.23865654727435
2001-09-20,18.69742280239036,21.067488946054937,-2.2497091685533794,22.623281794296172
2001-09-21,18.870010185818405,21.814636116585948,-2.0411586281753196,23.042209585121814
2001-09-22,19.527413838418507,23.16788001616183,-1.1445404683588383,22.934376312364027
2001-09-23,20.0386556328338,20.33545166171218,-1.750210249423759,23.33800614783515
2001-09-24,18.975681572719452,20.788606640801444,-1.619146864086431,22.317434483643257
2001-09-25,19.007042199916416,20.881501944284615,-0.9887466847664439,21.865093654290007
2001-09-26,19.816722537053167,21.95577471101053,-1.6303449306726558,22.147147035026812
2001-09-27,21.23800531923133,22.419782888228507,-1.8638903140568481,21.38339289282265
2001-09-28,22.86326532187935,23.619444390128184,-1.4412386783355933,20.432320323058253
2001-09-29,23.381048024671145,22.874325113367064,-1.9951697550315501,19.29435920514508
2001-09-30,23.591288093593466,21.85187727749898,-1.8043639248528558,20.90954258804895
2001-10-01,25.078884647724127,23.23573316901623,-0.3232205700742783,22.693178461429223
2001-10-02,24.456815228781856,20.88024475924339,-0.030405747033928954,23.12967917037915
2001-10-03,23.542014689024274,20.487679550275328,-1.3403190420664253,22.32387753159621
2001-10-04,23.790231373457463,20.330016823150224,-1.0395579540569515,24.396933595083393
2001-10-05,24.016270796143523,19.116910449705955,-1.2251278488857396,24.40262448770975
2001-10-06,23.096453031119754,19.217076273819572,-1.3926711477377258,24.312850762249738
2001-10-07,23.34572641850014,19.061525665299964,-2.488469808705329,24.6588337679997
2001-10-08,22.52846548758681,19.326402002910857,-3.1007261476089316,24.26977545689819
2001-10-09,22.855610284402392,18.798034037862145,-2.9672045450808904,23.165539655033292
2001-10-10,20.276070131912682,18.15304204651797,-1.8930469402404453,25.566497804235944
2001-10-11,19.906417931409116,17.71950853489704,-4.1032323756366065,25.653612373108686
2001-10-12,20.323736253955694,19.686168708259558,-3.5203355503219655,26.54678965336247
2001-10-13,18.269329792355357,20.1277929272336,-4.38875990355012,26.611708126267622
2001-10-14,17.250193761078595,19.661221482962038,-3.243159749091268,26.82300387925216
2001-10-15,17.91681983958981,19.40621311793869,-4.070605896957601,27.388153605400255
2001-10-16,16.770705511733112,20.24886452817272,-3.8923341457868252,25.175183027291627
2001-10-17,18.189461064611343,19.279451174820508,-4.130648298895099,26.044998724825092
2001-10-18,17.205680646951773,19.678083950788498,-3.3903635455471477,25.83567182578809
2001-10-19,16.58282300060891,20.07015788031194,-1.966932282922354,27.937571748770473
2001-10-20,15.897134321442833,19.610667098625242,-2.822395125608558,28.230570688997055
2001-10-21,16.431654331959063,19.439523492751672,-1.763078254103554,28.8964151556982
2001-10-22,14.760960882903497,19.36164675163454,-0.5710359208020914,28.604740019270068
2001-10-23,14.752769900663273,17.946618119972015,-1.2065676361959143,28.908807974070942
2001-10-24,17.14536424619941,19.0550982897679,-1.0020144824164885,30.462106976455317
2001-10-25,17.557785922047415,20.396943836318034,0.30654467316910905,30.34673853835109
2001-10-26,17.888203286218303,18.99892794708541,-0.6304558788070174,29.75630951705321
2001-10-27,17.666447725315628,21.061579863080492,-0.7459880359347055,29.434145447129325
2001-10-28,15.709279398161303,21.06988632139277,-1.3076041025593734,30.133163582353216
2001-10-29,14.152330145839482,20.479390610692143,-2.0545516081538695,31.427077503818875
2001-10-30,14.59523803327192,20.28606613656691,-0.3638482261801188,32.81922300713608
2001-10-31,16.12013040395442,19.88188286308736,-0.7762986180418623,34.10119904867146
2001-11-01,15.511591343438925,20.013843562020945,-2.5331820709199953,34.32727503267272
2001-11-02,15.501955520596056,21.70992093625138,-3.3182737933120476,34.6432955136655
2001-11-03,14.10682846070033,22.4848790278305,-3.6423137432673407,33.63220285385847
2001-11-04,13.258856163971258,22.614842774269494,-3.4681747101995595,34.10015440043178
2001-11-05,13.631919968021732,22.10480813653322,-3.6856486128000814,35.47613962806934
2001-11-06,13.473401405589158,21.80158701364411,-4.219403262350962,37.31654396900386
2001-11-07,13.842246004705647,24.175275875331902,-4.935599451171768,38.646196191523174
2001-11-08,13.744157170362547,22.896809450225643,-4.986905964001385,39.0185011757317
2001-11-09,14.440416950960431,23.151663985401413,-3.8455662518275853,36.89010932022874
2001-11-10,16.081481553340744,23.96752942826656,-1.5438557285633805,36.13788314950947
2001-11-11,15.371148265959985,25.133970011443722,-0.9955085816756516,36.316963144327005
2001-11-12,14.532870533530751,23.81946306376294,-0.9032876025005534,37.54487829136439
2001-11-13,15.001346588401915,22.80033761928023,-0.11641886222940245,36.9429850515425
2001-11-14,16.401441937410294,22.552404772905415,-0.18411138143772973,37.342331674702265
2001-11-15,16.893252326960464,22.154389970369934,1.1863382813780938,37.12928395299271
2001-11-16,19.312206160971918,20.697309612703172,2.6698899022334954,35.80047554514222
2001-11-17,18.874578014449526,21.83390993315533,2.7775512822885275,37.953816305977824
2001-11-18,18.66775249720681,20.847907739997673,1.6552499071799862,39.100229303371975
2001-11-19,18.178911205055854,21.25053695787208,1.3661299700772327,37.81479432133602
2001-11-20,19.48459967717349,20.608762059995602,-1.0723752332377576,38.165029966895766
2001-11-21,19.373494133842186,19.523819542831436,-0.36725496880727426,37.09702308250081
2001-11-22,19.57911982029882,19.404815589604862,0.5917542385958977,37.70717817598336
2001-11-23,18.8483071559577,21.295972454383453,0.20883182972054576,36.59658395405202
2001-11-24,18.12912448914447,20.83263702780656,-0.7453866741625701,37.572909501526865
2001-11-25,18.312167529337113,19.44043065266816,0.07511383094745716,37.32538599124816
2001-11-26,19.216952183618115,16.911262102172355,0.15461894725697486,36.77318663004702
2001-11-27,19.310989392455408,14.753228099568304,1.0784147204095464,37.20735817740945
2001-11-28,21.06916342654736,15.6178953827141,1.3094727980940637,37.03051313464514
2001-11-29,21.450029706983383,15.341230845568251,1.1730921398880891,37.642653327784906
2001-11-30,21.760867709014356,16.944215036985764,2.016529673928898,38.36404247972906
2001-12-01,21.878670802269106,17.418909191814183,1.8799008061575921,39.115879349256545
2001-12-02,22.15368921307717,16.786066357215656,3.06766729982723,39.89641166163031
2001-12-03,23.303132831558983,19.383639408550465,3.3101661416712087,40.127134220146424
2001-12-04,23.728488477134302,19.725445070084366,3.687441590194828,41.877357392657906
2001-12-05,22.740675755365107,18.84214179505897,3.2611953781723737,41.289952591045704
2001-12-06,24.935497016227814,18.88881793234305,1.4896874828218385,42.61833672471641
2001-12-07,23.831162399756256,19.601034585420653,0.9553408218573114,41.8913384471799
2001-12-08,24.05566139008668,20.896536684333938,0.22162803584663004,42.26879609513854
2001-12-09,23.48484865428723,21.01198020924468,0.2572850385021722,42.50606194197971
2001-12-10,22.52479676584646,21.169458402960622,-0.504182766107785,43.483484061549554
2001-12-11,22.618926986197533,22.01771040440941,-1.049737889953784,41.1479049188903
2001-12-12,24.228610890097773,23.572148121074573,-0.5687037411468545,41.11654126604714
2001-12-13,24.29481827127832,24.07711332073669,-0.5305801152539589,41.69329233754855
2001-12-14,25.53298230210959,23.64830597986598,-1.6625511821167565,40.06173994102169
2001-12-15,26.938237232566713,23.72785425034522,-2.9276733283614136,40.359417646792764
2001-12-16,26.564314854755406,25.05352235677838,-2.3789318193220352,40.41313660126721
2001-12-17,26.72376398765516,26.938494395910013,-3.5197373882944083,39.99290354206137
2001-12-18,27.91660901769642,26.38029361428813,-4.145406242859303,42.0079921423857
2001-12-19,28.56781193783801,24.990203474132255,-3.9969436892812467,41.73101283610657
2001-12-20,29.61284028211119,25.587198684882274,-1.7280280353244928,41.84021466823367
2001-12-21,29.295759503056427,24.294513275707498,-0.6940190276811782,41.82693950226158
2001-12-22,29.528785169567932,22.987542080870526,-2.8787741323807055,40.67952893278844
2001-12-23,29.726326921226754,24.18357727618163,-3.0280567592236465,43.21706919322227
2001-12-24,30.429145157677475,24.501560894540713,-3.78880252875189,42.373047771574235
2001-12-25,29.120843920974757,25.52595737930158,-3.8413966896234455,42.511951693761254
2001-12-26,28.399874233197437,26.965724303020554,-3.7926555124356507,43.649094090142164
2001-12-27,27.326466364448734,26.130785122774668,-4.247774716403985,43.50367591149503
2001-12-28,26.547287387639525,25.16261633495964,-3.7571171644546775,42.15743210195832
2001-12-29,27.11548010150471,25.91431556668186,-2.615732759216532,41.66088402510655
2001-12-30,25.761657180758245,25.970764838319553,-2.932126364621923,43.01569310544305
2001-12-31,25.213336074405746,26.20888201122883,-2.841075840601649,42.573189000107234
2002-01-01,26.08529453671598,25.788583056293028,-3.142722335950208,43.00991125138787
2002-01-02,25.846207287520254,26.57903466904013,-3.439029384993952,44.562280108238525
2002-01-03,24.958213516868593,25.141636654776324,-3.479600317650231,45.277711383350784
2002-01-04,25.68528756402376,23.589146592055663,-4.0606220398036434,44.573871204511015
2002-01-05,27.3154396296151,23.22598786152835,-4.591907903382652,45.539867593110635
2002-01-06,27.89327591388075,22.743154646577995,-4.803028827687989,43.98450129258708
2002-01-07,27.56409867485379,20.74674571050526,-4.494834143697249,44.78028502562026
2002-01-08,26.044737653416203,21.108382652416136,-5.248011090239024,45.11817160792844
2002-01-09,26.73379756633498,20.61137978529031,-5.49861173580548,43.696092868603685
2002-01-10,27.02358338405868,20.693612986854312,-5.1757372233994765,42.342928685254876
2002-01-11,27.51480274024905,20.274698611631816,-4.785887989374219,42.5565540047419
2002-01-12,27.28923826965215,21.721887721155845,-5.149334827218023,44.07049313684481
2002-01-13,27.636946814680496,21.324838038550276,-4.957164211724328,45.197903502539994
2002-01-14,25.998459994653732,21.773904389144647,-7.4163427512611015,45.857068755406424
2002-01-15,25.519596463137677,19.660194873314726,-7.911157231226959,46.27148008598381
2002-01-16,25.594818954038555,20.680371914775435,-8.267952937345797,45.91257749334582
2002-01-17,25.347068708040634,22.809145583010856,-8.52793380291068,47.710298462644054
2002-01-18,25.688994940383186,22.055920651581125,-9.702050767701147,46.860350461938594
2002-01-19,24.25178952699219,21.968348505824455,-10.539349094768136,47.12669737674341
2002-01-20,23.495695362751267,23.942719710547934,-10.947263097583447,47.89059217114484
2002-01-21,24.107922023148728,24.883759119197265,-11.167670106750286,46.48345737849697
2002-01-22,24.67957407754218,22.331990763491657,-11.717124888146877,44.84100470046494
2002-01-23,22.892554766690044,21.965549879489092,-11.882502998795086,45.25919736853297
2002-01-24,22.89776782587296,22.1922204692203,-11.332647291575782,45.423495589440535
2002-01-25,21.429970146129673,22.41914022652341,-9.852272412717365,45.82884680977932
2002-01-26,20.104288293966555,22.859984542499497,-8.014960160439596,45.04299467308066
2002-01-27,20.10038084799199,22.97348949420444,-6.993308290318179,45.73375476871011
2002-01-28,20.39264638626668,23.693605521872982,-7.536027497206122,45.19047308659796
2002-01-29,20.685167592833054,24.08727253709262,-7.549909492498266,45.0087008827417
2002-01-30,21.336408559728383,24.1334790188308,-8.243929926296499,44.90976692674713
2002-01-31,21.35575635884819,23.77073028170845,-9.025331151466482,44.45679292961068
2002-02-01,21.547540337087753,24.640410020448055,-9.467907815219837,45.637458494997055
2002-02-02,20.166091588526314,26.036903033048382,-8.490761987185959,44.97103152484964
2002-02-03,19.67789256091296,25.163446138414987,-9.862440811228023,42.530219595164255
2002-02-04,19.013654572204132,24.649180809576592,-8.257992318903707,41.260483510111634
2002-02-05,20.180652714293903,25.285791507612107,-9.368620841714144,39.678110772575025
2002-02-06,20.48964228283141,23.72675791533795,-10.795602632678289,38.828597181056374
2002-02-07,21.141740259604482,24.063629060743494,-11.13507859341401,38.83674297567979
2002-02-08,21.33117938436931,24.29747165904049,-9.53376935236827,37.74431599885114
2002-02-09,23.341129808419595,23.794111125478512,-11.800972709065483,37.7203487553554
2002-02-10,22.018112871066805,23.639979937039303,-11.8415144047552,35.94356343337511
2002-02-11,21.66243100739325,24.31482892865133,-10.520571276080538,36.64645568240357
2002-02-12,21.940885328738744,24.514712225621675,-12.28171283121787,36.24461986633313
2002-02-13,23.465960044324696,23.086180553514808,-11.58941815524694,36.4189324294816
2002-02-14,24.636079120463226,24.75034645094213,-11.382012799294891,35.15508044261178
2002-02-15,25.094353578373056,24.08336505836487,-10.374857973673898,34.579673133840416
2002-02-16,24.489075457469742,24.582262501995643,-10.767287347094035,34.971675790856374
2002-02-17,24.40150331702758,23.969636088970436,-10.065529100586488,35.40070044404205
2002-02-18,23.858770704533278,23.056905486716175,-11.020024590847058,36.02147859894348
2002-02-19,24.793142993552323,23.913233475643867,-12.22748662918608,34.57622045903025
2002-02-20,24.01100604558499,24.913485256455587,-12.065552044479405,34.03158954705417
2002-02-21,24.873040101633293,25.832182021353272,-13.402245809667766,35.20183965878152
2002-02-22,25.42636189485461,24.94983555287297,-12.96915555972908,33.95858229456464
2002-02-23,25.49975579205277,23.819776306322368,-13.675200333382307,33.74759136079345
2002-02-24,24.34864924567553,23.472145501273914,-11.553655559734091,34.47029452196848
2002-02-25,24.22126291982748,22.49287628024705,-12.016797109272307,34.37248019277208
2002-02-26,22.886703014010468,23.384387978133088,-12.614087415513637,34.05832188940411
2002-02-27,22.75495107187129,23.835507736297274,-13.770142512941863,34.58532292469947
2002-02-28,22.40787220335386,24.63056568747694,-13.419300644872893,33.85428767506113
2002-03-01,23.54458501427094,24.63356118172046,-13.695305349806342,34.30247790527937
2002-03-02,26.742606323592085,26.39974724439387,-14.199164981050073,33.52860062850565
2002-03-03,25.84312214926775,25.832979488193445,-13.885909936690252,32.06157190475333
2002-03-04,25.799839331687863,27.251073542671705,-14.546804090978556,32.644028371867606
2002-03-05,25.17571479727943,26.77755297804413,-13.79298929793248,32.998180403932835
2002-03-06,23.871034818625535,25.990930785028777,-13.55989128716997,33.00107446878066
2002-03-07,24.69838683839232,26.67902605674202,-12.417002427026032,31.46076618366899
2002-03-08,23.30970222747559,25.53228589616301,-12.185636431005916,32.56504134715938
2002-03-09,22.546740945232138,27.299212272245487,-11.635474482890471,31.7714185320595
2002-03-10,22.58583978730933,26.75030064749493,-12.444889263485354,31.890593502794776
2002-03-11,22.471808539453495,27.29283773900644,-12.744723530819037,31.604255616463547
2002-03-12,21.91021421305517,27.509601659555823,-14.25607411913597,30.914109209437456
2002-03-13,24.2102678234598,25.99662668517334,-15.570797204816298,29.423054779458916
2002-03-14,24.84800432659603,26.287558839284095,-13.456962349763572,27.659510147169268
2002-03-15,25.72580875099924,25.420492064175605,-13.22686836672794,27.30691462641295
2002-03-16,24.324450360129262,25.396925601525183,-12.317373332652412,27.727316147003894
2002-03-17,25.20850864370008,24.75033936738688,-12.567177322483186,27.043246529634903
2002-03-18,24.593781303899604,24.550052825508935,-10.658483632418237,27.62463326855954
2002-03-19,23.9165650407117,25.133206799742425,-9.954432976975028,30.048837145437297
2002-03-20,24.118128780586886,25.619160639834146,-9.35677061296991,30.12219911259804
2002-03-21,23.432674289754395,25.867672812329467,-9.538203500148656,29.32850910198352
2002-03-22,23.913120256355384,25.545095707290976,-11.072555295975864,30.157825874412136
2002-03-23,22.433135339063856,26.36070956808263,-12.267713913378612,30.019645144459734
2002-03-24,21.8098069830169,27.241742726351927,-12.037547051425554,28.442872439381045
2002-03-25,24.211628050998566,26.923652505283194,-12.07253137760454,29.017312632991953
2002-03-26,23.350466799026734,29.095376081490283,-11.029888048275033,27.407479711465886
2002-03-27,22.7490975648454,28.746458388760164,-10.5926962671037,27.53402428194319
2002-03-28,23.88562448064614,27.95834037332737,-11.03888660769991,26.26287061919397
2002-03-29,25.47597981324919,28.05874197740853,-12.026136698172232,28.011836097433342
2002-03-30,25.589517617976995,27.67590959046289,-12.695304587946849,26.538392553239696
2002-03-31,22.996411261223166,27.37963373643105,-12.67085661671851,24.47941874881344
2002-04-01,21.612703972879117,26.811812630463944,-12.622791786688376,25.938242825403393
2002-04-02,22.372206790306123,27.19498831649094,-12.77707615779706,26.294021860637923
2002-04-03,24.046705429016907,28.321485133782655,-13.270863585973954,25.920553674350657
2002-04-04,23.410113521245687,26.49252404330373,-14.025541081598446,25.535931314428613
2002-04-05,24.22080861208988,28.003960155300764,-14.774856268268875,24.61876657351329
2002-04-06,23.861413496136926,27.566327262245775,-16.822480432053588,22.775787229190595
2002-04-07,23.429144242461554,28.16932496287069,-16.927710975541665,20.97722034336804
2002-04-08,23.3738691359884,26.587684095386173,-17.067223661500243,20.45457654942739
2002-04-09,23.93913095640338,26.775813630587162,-18.14479305678837,20.076840706492113
2002-04-10,26.65456962895563,26.1416097605555,-18.001830598625617,20.80787605390916
2002-04-11,27.567637250720377,26.763618027522757,-18.896437308861707,22.099838137548808
2002-04-12,25.961718122934712,25.732889234330628,-19.138381152060568,21.680767695834835
2002-04-13,26.10486774259501,25.647705432123004,-19.238462536680107,22.38699210779116
2002-04-14,25.465685294657757,25.4282440700832,-19.653768105646893,21.91951771569649
2002-04-15,27.448280622313675,26.600747679219094,-21.563287828161567,22.315138025812935
2002-04-16,27.62346411547331,26.440914717826885,-21.32382175902865,24.40981177885222
2002-04-17,27.708919708646743,26.830995249455846,-22.293454865533473,25.31115990073325
2002-04-18,28.976438197564462,26.886552979300784,-23.58618126902616,24.259309495387875
2002-04-19,30.490579743842982,27.947592016378415,-22.361438235254376,22.93873675243502
2002-04-20,30.79775639489672,29.02731374640159,-23.221304079847695,22.86707118724287
2002-04-21,31.341863721520735,30.800039539265132,-22.28886953396611,22.433846416054735
2002-04-22,32.61823789503548,31.750253453618875,-21.31280704521002,22.822940710992913
2002-04-23,31.486564476553863,32.24734309205418,-19.630762463568708,24.861195100306226
2002-04-24,31.01292606708335,32.800931433276325,-20.617321296588017,25.28181416304848
2002-04-25,32.81548452431065,33.3374224794627,-20.208961641797625,25.38489095307337
2002-04-26,34.20715413176218,34.92715783139077,-17.898199477716833,24.955514424055938
2002-04-27,34.487625946481586,36.41304729592647,-14.877399903049891,23.902430647162067
2002-04-28,35.10004141053312,36.75824165577221,-14.042633701498497,22.528495095472927
2002-04-29,35.56213170014446,36.657029444175016,-13.505274879563258,23.807910520373362
2002-04-30,34.838756075775024,36.370544297320116,-14.613259383189682,24.27361025793404
2002-05-01,33.49950022037717,36.4350962914883,-14.85049084058445,24.980706464562818
2002-05-02,32.21848649356166,37.295049728865585,-13.595375352394301,23.6631076780452
2002-05-03,34.44453095982662,37.41961590538834,-13.720002495902365,24.048875673530954
2002-05-04,32.71771715625468,35.52274787059661,-12.708809553413104,23.57373650708478
2002-05-05,33.23244829153447,35.97635723885477,-12.715971577222119,22.7700578817621
2002-05-06,32.934983302699194,33.81274673838823,-13.460691391823289,23.488261168337964
2002-05-07,32.333448896203606,32.85588349668629,-12.58703319577044,24.43853143308368
2002-05-08,33.12415896399237,32.09319145001713,-11.904850264985924,25.30022197109014
2002-05-09,33.29330653034692,32.47991410845524,-12.064838265178915,25.820413730482862
2002-05-10,33.28783407092007,33.99092841287277,-13.76684650616253,26.820538374877415
2002-05-11,32.62758722815216,34.090595203264286,-14.887143016034857,28.75899975401431
2002-05-12,33.24942366869082,31.627759012584793,-15.749872223230094,29.78905220936589
2002-05-13,33.556562577760644,31.07335967431853,-14.85162381911452,31.756510859730426
2002-05-14,32.88645464047703,31.62210404914102,-14.614007303609482,32.286632706519384
2002-05-15,32.70543225953473,31.344031599124563,-15.02259033959206,32.18412101009576
2002-05-16,32.43504157211415,28.80536978869087,-13.887144925845515,29.409043656139705
2002-05-17,31.287591664203507,29.230170376465338,-13.75376672470446,30.509764006943367
2002-05-18,29.569259679551738,31.824328344297395,-13.44941970879163,31.677952144045232
2002-05-19,30.91233647876204,28.708843140906765,-13.246370898881331,32.243338848103555
2002-05-20,31.51001175607292,29.15225657972865,-12.484821936898696,32.46940883334859
2002-05-21,31.09357575200594,28.60005959031912,-11.760256229594527,33.36111274437859
2002-05-22,32.47343892381115,29.146699287477567,-12.788665817525935,33.55305723949982
2002-05-23,32.69375033572167,29.5718512124273,-13.532975058970568,32.43780030593938
2002-05-24,32.856325268272975,30.04095489742334,-14.732869519937324,32.747122301276804
2002-05-25,33.39623706313196,29.668993215869687,-13.851029681348974,32.91832292284811
2002-05-26,33.169348169228215,31.02030018718553,-13.204048917403368,33.05850113129566
2002-05-27,33.59531008662208,29.267293862726763,-13.65312645976259,31.79830713108282
2002-05-28,34.141001520816204,29.152808481184582,-12.964025550717002,31.50394964922441
2002-05-29,33.814700299183606,30.775909780861245,-12.102530669635696,30.614659623324922
2002-05-30,33.51146341345421,30.414971907344654,-11.165972851958713,29.993616995616502
2002-05-31,33.81548092265972,31.372703204957247,-12.981519010280584,30.113782341640484
2002-06-01,34.382522873214796,31.995746807929514,-13.567437506053771,29.806170246768723
2002-06-02,35.286317489188924,32.82390875414856,-14.56182233823537,30.01110205588797
2002-06-03,35.1823219804262,32.35463863638447,-14.672494599803576,29.820855091629795
2002-06-04,34.92774594005028,33.989531691132825,-14.043139082066922,30.486241976354183
2002-06-05,35.444251141354144,35.91579179380955,-14.11222957365213,30.0805557600232
2002-06-06,35.74788176155057,35.98168068356365,-13.916109884938262,31.23047271275129
2002-06-07,34.81992841263881,36.696133735187274,-11.351147277448366,31.161717101165483
2002-06-08,35.74643629021993,38.15275164820367,-12.607664414144962,32.25010594770758
2002-06-09,35.44687767391722,39.0124769572205,-13.627876217716459,30.6779090679129
2002-06-10,36.18940193139004,37.948198463247046,-13.670764615756015,31.233570723386404
2002-06-11,36.10932209634781,37.751989935963955,-13.970182679217174,32.28340640446631
2002-06-12,35.607161070086974,36.70234960218927,-12.72350274119043,32.97426718458622
2002-06-13,35.53322442037543,37.24782911943457,-12.032308894425622,33.31693164770165
2002-06-14,36.077874809258034,37.083996648267224,-12.836008090229576,34.80408204220787
2002-06-15,36.89763476150962,36.424894633820465,-12.21088769417647,36.01155487112949
2002-06-16,37.348959652687874,38.055724276376395,-12.606364026970356,37.48364021940101
2002-06-17,37.72355109616571,38.25882468725066,-13.701663466213944,39.08491680609005
2002-06-18,39.50824882344056,38.770690422812095,-13.185956713683861,39.7362955156759
2002-06-19,38.60796348389,39.27708956280091,-13.008806074021466,41.169797054741466
2002-06-20,37.71098369106941,38.10974607952937,-11.49822907518601,39.980381876476635
2002-06-21,36.678886162940486,38.43525413827688,-10.069381303894938,39.36976741286083
2002-06-22,36.70955690582286,37.65226670006414,-9.09295722756052,38.090633670125364
2002-06-23,36.784903430209134,38.48543444809821,-9.562715695989217,37.794936577420785
2002-06-24,36.10777288867288,38.78144075640613,-8.525132741364061,37.08872866259076
2002-06-25,35.97336872638326,37.94373882449107,-8.435954238882726,36.99659790991711
2002-06-26,35.05211648276428,36.452768294969914,-9.57219299838081,36.73245534967485
2002-06-27,34.49254259809775,37.10058518413869,-10.690205807420654,35.902006383287706
2002-06-28,31.71818465228177,36.95093035700229,-10.254776550894329,36.57424726954587
2002-06-29,31.6778991924714,36.60043438791517,-8.941055179921287,36.480610416225026
2002-06-30,31.524721173068325,36.13819349064617,-8.17395277305509,34.44350252384374
2002-07-01,32.721493670654155,36.91378607179328,-8.675322217794065,33.838617968123344
2002-07-02,32.37349629544249,37.1394049683059,-8.448981657668691,34.9312524763285
2002-07-03,32.50943492214568,36.80347355293679,-9.457074863150718,33.884670306942546
2002-07-04,33.70573192497454,37.13233787294328,-10.996772095222134,33.837115116676735
2002-07-05,32.79032521085638,35.23437582038952,-10.322505447910153,35.99392487062828
2002-07-06,33.70887864608442,36.33336494630215,-10.76422667337344,35.15287169639619
2002-07-07,33.51270750434047,37.362969706019236,-11.008187687156886,34.658851845370386
2002-07-08,36.122689540381,37.55256280616369,-11.13056445753639,35.40696695312301
2002-07-09,35.26110985151566,36.36697522388426,-9.740896033581596,36.20509551416005
2002-07-10,35.367916361411915,39.0285116628168,-9.648843708260953,36.704995726747256
2002-07-11,35.533209905303345,40.35537015450743,-10.975314542044885,36.78385629287418
2002-07-12,34.472580403866495,42.29634221381484,-12.313631962363397,36.56926410760224
2002-07-13,34.99478562224696,40.91624977064979,-11.707930425734675,37.15566848276017
2002-07-14,35.09174881045307,40.03278961775098,-13.061524856110594,37.24855636267968
2002-07-15,35.49128452992402,40.41836068500723,-13.042642864435813,37.53739436584881
2002-07-16,35.941087946053486,38.39689380193023,-10.961712386314158,37.4210522108144
2002-07-17,37.382340585918776,40.85578609255709,-11.10778472114374,38.65259401424801
2002-07-18,37.06197672943077,40.25311092532026,-11.943803704980487,40.14290885899873
2002-07-19,37.61653491496023,39.49241697703618,-11.627478095409495,41.01975954212563
2002-07-20,36.98125302717983,38.13717217719055,-9.824500385112735,40.72924671595189
2002-07-21,36.99424259520472,38.46386063924186,-11.124262734506964,40.18136894002277
2002-07-22,37.52861650019279,38.32094528990648,-12.580024923120657,40.380095407292686
2002-07-23,37.46597134613758,36.27293339559591,-11.628957548448913,40.607456431944705
2002-07-24,36.54993273706391,37.00901417956217,-12.008339943107632,41.112328462080676
2002-07-25,37.49599701806585,36.278970834729684,-11.142760342110972,40.11543952553066
2002-07-26,35.98491786701946,35.252049587660586,-10.359053214250974,37.97655770615218
2002-07-27,34.87499823144882,34.841704191549525,-9.35601510891327,39.01647547257888
2002-07-28,33.769835420401115,34.3173035036481,-7.960553474349512,39.19681482009074
2002-07-29,33.14717583708177,34.43689765276457,-8.951772247280175,38.86564756853749
2002-07-30,32.99959151019169,34.072657466971414,-10.049622361400347,40.455572646287706
2002-07-31,31.15619669119838,32.673710220840945,-10.828534586580584,40.608040295527346
2002-08-01,32.1678135336449,31.825848367799946,-8.827594491417758,39.88972606630464
2002-08-02,31.190510663955294,31.04640627505496,-8.236842872691424,38.487304117292645
2002-08-03,31.45971330438337,31.0526443746763,-9.304604235042913,39.4291888449057
2002-08-04,32.185514012794165,30.031087517479296,-8.406635992448871,39.21868740039395
2002-08-05,30.593040199665033,30.805607807780124,-7.677573029810206,40.41413261491384
2002-08-06,30.46927373407166,30.349687653090097,-7.768933195831852,39.20842800592028
2002-08-07,31.107196498030287,29.8250439303439,-6.795938435973644,38.87534037167403
2002-08-08,31.37131408088529,28.011601494427758,-7.390590319519127,38.14836257812432
2002-08-09,30.791917786049105,29.166632390806953,-6.968914689724719,38.87041753245672
2002-08-10,30.889134300318204,27.704882074232657,-5.692194235202292,39.107224402927656
2002-08-11,29.820645631260234,28.323743359964883,-6.464571441288605,39.423790349587605
2002-08-12,29.326523763211576,28.333979027026977,-6.879594728816956,39.27361794874637
2002-08-13,29.99507591564775,27.181280718147892,-6.707362392093745,37.3848462857659
2002-08-14,29.34415812961234,25.672393820394735,-6.754498410783554,36.83595987608571
2002-08-15,29.125548550446425,26.750187522384934,-6.3228799287927195,35.30441439713614
2002-08-16,28.503732011441667,27.069222757060984,-5.835350998617391,35.800718829704245
2002-08-17,26.92424132661315,26.858284953185233,-5.571626850982533,35.45064244092105
2002-08-18,27.55566533936235,26.01164150954556,-4.08440888582442,35.95961002872214
2002-08-19,27.38405117525632,27.205537509787828,-6.992947098006191,36.593893164257395
2002-08-20,26.527916496389306,27.35727785374905,-7.576778051465082,36.549805558528746
2002-08-21,25.694141670805934,27.43007975893218,-8.171591308659911,36.42903540770569
2002-08-22,24.9704003317503,28.43942462461048,-6.957841376096664,36.32673039973547
2002-08-23,26.027190099317444,28.99203185190717,-7.386688831847619,35.85841338736467
2002-08-24,26.15023763479307,26.99416524436594,-5.02420554804935,34.339886354801756
2002-08-25,26.71178707094326,26.29795559195043,-4.960156607652906,34.408728317200755
2002-08-26,27.15311808206221,27.191931813587253,-5.950442868795951,33.93552172167605
2002-08-27,26.130520235893517,27.92619803511771,-6.1330255067446515,32.49973230849333
2002-08-28,24.751993711268643,29.851123036227193,-4.826542967310047,29.83205158202528
2002-08-29,24.001675490476863,27.512542911881805,-5.797568592998915,30.007734146453245
2002-08-30,23.433654586218186,29.215415085094335,-6.779608840315437,31.093456984719943
2002-08-31,23.136718759789854,29.91965949237813,-5.187139355668488,32.05894568723998
2002-09-01,23.41727047264345,28.925507009858325,-5.201127082708069,31.34941924509502
2002-09-02,23.29276946175147,28.427365678489952,-5.160688960618381,31.654982164939863
2002-09-03,22.38965960638452,29.481370810674886,-5.567940932443455,32.07633569919782
2002-09-04,19.912261039471744,29.704992817703328,-5.5548379306271105,31.621770767834725
2002-09-05,20.102059767257227,29.703389942926268,-5.9357222145538735,31.976899958396974
2002-09-06,18.55345226082023,28.304070776145622,-6.5709062225023445,30.866863899787546
2002-09-07,19.39355868038054,28.7138503232048,-8.234068674572658,30.314140707615874
2002-09-08,17.9147037042701,29.66382731841348,-6.276474469607071,30.213460202550696
2002-09-09,17.62667655872402,28.809357895350534,-6.878387963219824,30.96107744809319
2002-09-10,14.935794251006776,29.61840456689274,-5.834621225060924,30.425379731191214
2002-09-11,14.968952781789932,30.104208386063814,-6.4843354927744885,31.394979888183826
2002-09-12,15.261628491843608,29.395375420996498,-4.812722503431236,32.762656707203604
2002-09-13,16.698409365806064,28.860610744837093,-4.935667753520293,34.0233998994485
2002-09-14,18.9233340955431,28.742510963426703,-4.289167615673676,33.08762162553042
2002-09-15,19.60948759163414,27.8396216347101,-3.030945021353193,31.736617107290726
2002-09-16,19.25203527688004,26.67963488821564,-2.4678839240982646,32.26356647223116
2002-09-17,19.28666476342484,25.1722305325918,-4.305133491583364,33.3710457970982
2002-09-18,17.74444478608284,24.157558314026655,-4.294770262744899,34.092405397359805
2002-09-19,17.770239201930845,24.910075616579096,-3.637561483026899,34.72217557421426
2002-09-20,17.677945667825707,25.37124448778943,-1.493031222356953,33.57804525352462
2002-09-21,17.99105253536291,24.708894340069254,-2.7748886532966353,34.343955464441585
2002-09-22,17.76593407566417,27.08213779393084,-4.72724632585133,35.00312040974973
2002-09-23,18.125006729078244,27.236095198421353,-5.901606231863136,35.33151251301958
2002-09-24,18.79616651613799,26.704586924037827,-6.647227207423104,35.494193052716966
2002-09-25,18.26460426551378,23.944656949129758,-6.407024940176318,35.92301885057271
2002-09-26,17.85483388467608,23.767954447035073,-4.881195662051594,37.29253661615344
